id,case_title,source_pdf,source_folder,source_school,source_year,page_start,page_end,page_count,output_pdf_path,extraction_confidence,detection_method,needs_manual_review,industry,case_type,difficulty_overall,difficulty_quant,difficulty_qual,interviewer_style,prompt_excerpt,matched_toc_title,matched_start_page_text,matched_patterns,confidence_notes,review_flags
5c9d74f7-cb88-436e-b8d4-9cc5ba9e64d7,Retirement Apartment Complex,Booth/Booth 2026.pdf,Booth,booth,2026,260,269,10,cases/Booth/Booth 2026/retirement-apartment-complex.pdf,1.0,manual_override_booth_2026,False,Industrials,M&A,HEAVY,,,,"Interviewer Guidance
Case Development
Case Evaluation
Client Type
Industry
Case Type
S       O      A      R
1
2
1
2
1
2
1
2
Fit Evaluation
Overall Fit Performance
1. Framework
2. Profitability analysis: Costs
3. Operations analysis: 
Distributors
4. Recommendations
Case #33: Skylight Goods (1/10)
B",Retirement Apartment Complex,,manual_ground_truth_index,"Ground-truth Index of Practice Cases: exact page ranges, no heuristics.",
b13feb85-a29f-40d8-82cb-52c19e575d4a,Warmouth Yachts,Booth/Booth 2026.pdf,Booth,booth,2026,314,320,7,cases/Booth/Booth 2026/warmouth-yachts.pdf,1.0,manual_override_booth_2026,False,Retail / CPG,M&A,LIGHT,,,,"Interviewer Guidance
Case Development
Case Evaluation
Client Type
Industry
Case Type
S       O      A      R
1
2
1
2
1
2
1
2
Fit Evaluation
Overall Fit Performance
1. Case Prompt
2. Evaluating Stock Price 
Drop
3. Evaluating Net Income
4. Calculating Damages 
5. Conclusion
Case #40: Yarmouth Yachts",Warmouth Yachts,,manual_ground_truth_index,"Ground-truth Index of Practice Cases: exact page ranges, no heuristics.",
fea6ea1c-29ee-40dd-b267-b9a13e0424d3,Shoe Co.,Booth/Booth 2026.pdf,Booth,booth,2026,333,339,7,cases/Booth/Booth 2026/shoe-co.pdf,1.0,manual_override_booth_2026,False,Retail / CPG,Profitability,MEDIUM,,,,"Interviewer Guidance
Case Development
Case Evaluation
Client Type
Industry
Case Type
S       O      A      R
1
2
1
2
1
2
1
2
Fit Evaluation
Overall Fit Performance
1. Framework
2. Profitability analysis
3. Brainstorm
4. Final recommendation
Case #43: Shoe Co. (1/7)
BAIN– unknown – Candidate Driven
1",Shoe Co.,,manual_ground_truth_index,"Ground-truth Index of Practice Cases: exact page ranges, no heuristics.",
06a89ea2-3cf1-4fc6-a6e3-595bce9b530e,Craft Co.,Booth/Booth 2026.pdf,Booth,booth,2026,340,344,5,cases/Booth/Booth 2026/craft-co.pdf,1.0,manual_override_booth_2026,False,Retail / CPG,Growth,MEDIUM,,,,"Interviewer Guidance
Case Development
Case Evaluation
Client Type
Industry
Case Type
S       O      A      R
1
2
1
2
1
2
1
2
Fit Evaluation
Overall Fit Performance
1. Framework
2. Profitability analysis
3. Brainstorm
4. Final recommendation
Case #44: Craft Co. (1/5)
EYP– unknown – Interviewer Driven",Craft Co.,,manual_ground_truth_index,"Ground-truth Index of Practice Cases: exact page ranges, no heuristics.",
96e40dff-67a9-4c99-873d-2a123efb2e8a,Telecom Co.,Booth/Booth 2026.pdf,Booth,booth,2026,345,373,29,cases/Booth/Booth 2026/telecom-co.pdf,1.0,manual_override_booth_2026,False,,Profitability,MEDIUM,,,,"Interviewer Guidance
Case Development
Case Evaluation
Client Type
Industry
Case Type
S       O      A      R
1
2
1
2
1
2
1
2
Fit Evaluation
Overall Fit Performance
1. Framework
2. Brainstorm
3. Profitability analysis
4. Final recommendation
Case #45: Telecom Co. (1/8)
BAIN– unknown – Candidate Drive",Telecom Co.,,manual_ground_truth_index,"Ground-truth Index of Practice Cases: exact page ranges, no heuristics.; industry not extracted",
54a1d107-563e-43f4-a1a4-462bfafabbb0,Sticky Surfactants,Booth/Darden 2024.pdf,Booth,booth,2024,24,32,9,cases/Booth/Darden 2024/sticky-surfactants.pdf,1.0,manual_override_darden_2024,False,Industrials,Profitability,,,,,"Your client, CavalierChem, is a global chemicals manufacturer.  CavalierChem recently acquired a 
manufacturing facility that makes surfactants as part of a larger purchase of competitor assets.  
Surfactants are a specialty chemical used for a variety of purposes, including laundry detergent, 
and",Sticky Surfactants,,manual_ground_truth_index,"Ground-truth index: exact page ranges, no heuristics.",
5e1a11be-1562-4369-84db-f5d2c300eb1d,Pedal Pals,Booth/Darden 2024.pdf,Booth,booth,2024,33,42,10,cases/Booth/Darden 2024/pedal-pals.pdf,1.0,manual_override_darden_2024,False,Retail / CPG,M&A,,,,,"Pedal Pals is an interactive fitness platform with millions of members, offering connected, 
technology-enabled fitness classes that utilize its proprietary hardware, the Pedal Pal 
stationary bicycle. 
Recently the company has been challenged by a large, activist investor. The activist 
investor is",Pedal Pals,,manual_ground_truth_index,"Ground-truth index: exact page ranges, no heuristics.",
151f9f28-7c94-4288-a2b8-2daef54fd6ea,Seven Flags,Booth/Darden 2024.pdf,Booth,booth,2024,43,52,10,cases/Booth/Darden 2024/seven-flags.pdf,1.0,manual_override_darden_2024,False,Financial Services,Pricing,,,,,"Our client is a mid-size amusement park chain, with 10 parks around the U.S. 
serving over 10 million visitors each year. In their Richmond, VA park, it operates both 
a traditional thrill-ride section, as well as an animal experience. (Show park map.) 
Currently, the two sections are covered under",Seven Flags,,manual_ground_truth_index,"Ground-truth index: exact page ranges, no heuristics.",
b60292cb-f339-4a8f-9d66-6c6e29f18a36,Weasley's Wizarding Warehouse,Booth/Darden 2024.pdf,Booth,booth,2024,53,63,11,cases/Booth/Darden 2024/weasley-s-wizarding-warehouse.pdf,1.0,manual_override_darden_2024,False,Retail / CPG,Growth,,,,,"Fred and George Weasley operate a magic joke shop, Weasleys' Wizarding 
Warehouse (Weasleys’). They currently have a single storefront located in the Diagon 
Alley shopping district. This store primarily sells magic products used for pranks to 
young students that attend Hogwarts School of Witchcraf",Weasley's Wizarding Warehouse,,manual_ground_truth_index,"Ground-truth index: exact page ranges, no heuristics.",
9b131db3-cd09-40bc-a4b2-d3cce20ff5d9,Jane Darden's Ranch,Booth/Darden 2024.pdf,Booth,booth,2024,64,73,10,cases/Booth/Darden 2024/jane-darden-s-ranch.pdf,1.0,manual_override_darden_2024,False,Retail / CPG,Market Entry,,,,,"Your client is Jane Darden, a longtime owner, and operator of the Wahoo Cattle Ranch, 
which has been in the family since 1883. However, since the early 2000s, 
the Montana economy has experienced a dramatic shift in its local businesses and 
consumers. The ranch is now surrounded by high-end resort",Jane Darden's Ranch,,manual_ground_truth_index,"Ground-truth index: exact page ranges, no heuristics.",
05acadad-19a7-4e8c-aea4-a14f4e9f9e94,PharmaCo,Booth/Darden 2024.pdf,Booth,booth,2024,74,81,8,cases/Booth/Darden 2024/pharmaco.pdf,1.0,manual_override_darden_2024,False,Healthcare,M&A,,,,,"PharmaCo is a pharmaceutical company with $10 billion in annual revenue. 
It’s corporate HQ and primary R&D centers are in Switzerland, with regional sales 
offices worldwide. PharmaCo is interested in entering a new, rapidly growing segment 
of drugs called “biologicals.” To gain the R&D capabiliti",PharmaCo,,manual_ground_truth_index,"Ground-truth index: exact page ranges, no heuristics.",
55e280eb-9205-436c-a0bb-c6fa0efaebd9,Circle Bubble,Booth/Darden 2024.pdf,Booth,booth,2024,82,91,10,cases/Booth/Darden 2024/circle-bubble.pdf,1.0,manual_override_darden_2024,False,Financial Services,Growth,,,,,"The Private Equity Fund PEGrowth has recently acquired a company called Circle, 
which is a company in the protective packaging space. Your consulting firm had 
worked on the due diligence process for this deal and now the fund wants to increase 
the value of the company. Due to the cost-cutting pro",Circle Bubble,,manual_ground_truth_index,"Ground-truth index: exact page ranges, no heuristics.",
48bfc518-8901-4f1d-b5bd-d995f9ca2910,Shisha: Just Blowing Smoke?,Booth/Darden 2024.pdf,Booth,booth,2024,92,102,11,cases/Booth/Darden 2024/shisha-just-blowing-smoke.pdf,1.0,manual_override_darden_2024,False,Technology,Market Entry,,,,,"Over the past five years, the government of Saudi Arabia has been focused on reducing economic 
dependence on oil by diversifying the domestic economy. As part of this effort, the government has 
evidenced a willingness to relax certain social norms. As part of the diversification initiative, the 
g",Shisha: Just Blowing Smoke?,,manual_ground_truth_index,"Ground-truth index: exact page ranges, no heuristics.",
558f4263-051f-4701-9d8e-aec660d40591,Entertainment Co.,Booth/Darden 2024.pdf,Booth,booth,2024,103,114,12,cases/Booth/Darden 2024/entertainment-co.pdf,1.0,manual_override_darden_2024,False,Technology,M&A,,,,,"EntertainmentCo is the world’s largest live entertainment company, with two distinct 
business divisions—a ticketing division and a venue management division. Due to an 
anticipated crackdown from federal regulators, EntertainmentCo is planning a spin-off 
of its ticketing division. Your client is a",Entertainment Co.,,manual_ground_truth_index,"Ground-truth index: exact page ranges, no heuristics.",
21cf1c23-052b-4ad1-99ef-e07d986fdba2,Robots Inc.,Booth/Darden 2024.pdf,Booth,booth,2024,115,125,11,cases/Booth/Darden 2024/robots-inc.pdf,1.0,manual_override_darden_2024,False,Technology,Growth,,,,,"Robots Inc. is a rapidly growing startup in the artificial intelligence sector specializing in 
generative AI models for various industries. Recently, with the popularity of AI, the 
company has attracted a large amount of funding and plans to expand their services. 
However, since it’s a very new m",Robots Inc.,,manual_ground_truth_index,"Ground-truth index: exact page ranges, no heuristics.",
762ba3a6-e2a5-46ba-8ed4-992f1e0f381e,Opus Two,Booth/Darden 2024.pdf,Booth,booth,2024,126,134,9,cases/Booth/Darden 2024/opus-two.pdf,1.0,manual_override_darden_2024,False,Retail / CPG,,,,,Interviewer-led,"Our client, Opus Two, is one of the most prestigious wineries in Napa Valley.
The winery is renowned for crafting a single, exceptional wine – a Meritage Red Blend.
Despite its reputation, Opus Two faces significant challenges due to climate change. 
Rising temperatures, extended droughts, and recen",Opus Two,,manual_ground_truth_index,"Ground-truth index: exact page ranges, no heuristics.; case_type not extracted",
9eccad78-6863-4b30-a49e-ee116da31278,News Co.,Booth/Darden 2024.pdf,Booth,booth,2024,135,145,11,cases/Booth/Darden 2024/news-co.pdf,1.0,manual_override_darden_2024,False,Media / Entertainment,Profitability,,,,,"NewsCo. is a TV network that offers live news and pre-recorded entertainment programming. They're 
concerned about a recent survey showing a decline in viewers' trust. This is particularly worrisome 
because NewsCo. prides itself on high-quality journalism and uses the tagline ""News You Can Trust.""",News Co.,,manual_ground_truth_index,"Ground-truth index: exact page ranges, no heuristics.",
65f86da1-3719-4965-9eda-e6c3568969ae,MedTech Co.,Booth/Fuqua 2026.pdf,Booth,booth,2026,31,41,11,cases/Booth/Fuqua 2026/medtech-co.pdf,1.0,manual_override_fuqua_2026,False,Healthcare,Profitability,,,,,"Case Overview
Interviewer Guidance
• Case Steps
-
Exhibit #1: Product Line Financials
-
Brainstorm #1: Optimization of Portfolio
-
Exhibit #2: Positioning
-
Brainstorm #2: Improve Profitability
• Clarifying Information (If Prompted)
-
Objective: Focus on high-growth, high-margin product lines; 
pote",MedTech Co.,,manual_ground_truth_index,"Ground-truth index: exact page ranges, no heuristics.",
df7aab63-2d04-47e9-ad12-1ddd35b85c33,The Grass is Greener,Booth/Fuqua 2026.pdf,Booth,booth,2026,42,52,11,cases/Booth/Fuqua 2026/the-grass-is-greener.pdf,1.0,manual_override_fuqua_2026,False,Financial Services,Profitability,,,,,"Case Overview
Interviewer Guidance
• Case Steps
-
Exhibit #1: Annual Farm Emissions
-
Exhibit #2: Adoption Barriers
-
Brainstorm: Improve Adoptions
-
Exhibit #3: Annual Financial Comparison
-
Recommendations and next steps
• Clarifying Information (If Prompted)
-
Definition: Regen ≠ Organic. Organic",The Grass is Greener,,manual_ground_truth_index,"Ground-truth index: exact page ranges, no heuristics.",
d7cf9944-dcf4-4121-8331-a8b084b7e744,BioPharma LOE,Booth/Fuqua 2026.pdf,Booth,booth,2026,53,63,11,cases/Booth/Fuqua 2026/biopharma-loe.pdf,1.0,manual_override_fuqua_2026,False,Healthcare,M&A,,,,,"Case Overview
Interviewer Guidance
• Case Steps
-
Exhibit #1: Pharma Companies Comparison
-
Exhibit #2: IT Cost Structure
-
Brainstorm: Ways to reduce cost
-
Exhibit #3: Outsourcing Potential
-
Recommendations and next steps
• Clarifying Information (If Prompted)
-
Business Model: Client sells KeyCh",BioPharma LOE,,manual_ground_truth_index,"Ground-truth index: exact page ranges, no heuristics.",
027577f2-1670-4231-ba41-daa4aaf6bdea,Breaking out of Boston,Booth/Fuqua 2026.pdf,Booth,booth,2026,64,71,8,cases/Booth/Fuqua 2026/breaking-out-of-boston.pdf,1.0,manual_override_fuqua_2026,False,Technology,Growth,,,,,"Case Overview
Interviewer Guidance
•
Case Steps
-
Framework
-
Exhibit #1: Location Information
-
Exhibit #2: Breakeven Analysis
-
Brainstorming
Our client is Future Builders (FB), a Boston-based educational non-profit founded 10 
years ago. FB provides intensive STEM and vocational training programs",Breaking out of Boston,,manual_ground_truth_index,"Ground-truth index: exact page ranges, no heuristics.",
663fca29-787d-49ee-8a8a-4cf2e8ce41dd,Big Fat Greek Problem,Booth/Fuqua 2026.pdf,Booth,booth,2026,72,82,11,cases/Booth/Fuqua 2026/big-fat-greek-problem.pdf,1.0,manual_override_fuqua_2026,False,Technology,Profitability,,,,,"Case Overview
Interviewer Guidance
• Case Steps
-
Exhibit #1: Apartment occupancy & revenue by size 
-
Exhibit #2: Athens hotel market 
-
Brainstorm: Strategic options to respond to competitive 
pressure Exhibit #3: Renovation economics
-
Recommendation & Next Steps
We are back in 2018, and your cli",Big Fat Greek Problem,,manual_ground_truth_index,"Ground-truth index: exact page ranges, no heuristics.",
6a6789f5-6010-4fe5-8357-503e7670dd3c,Fasten your Seatbelts,Booth/Fuqua 2026.pdf,Booth,booth,2026,83,93,11,cases/Booth/Fuqua 2026/fasten-your-seatbelts.pdf,1.0,manual_override_fuqua_2026,False,Financial Services,Operations,,,,,"Case Overview
Interviewer Guidance
• Case Steps
-
Exhibit #1: Apartment occupancy & revenue by size 
-
Exhibit #2: Athens hotel market 
-
Brainstorm: Strategic options to respond to competitive 
pressure Exhibit #3: Renovation economics
-
Recommendation & Next Steps
• Clarifying Questions:
-
Goal: T",Fasten your Seatbelts,,manual_ground_truth_index,"Ground-truth index: exact page ranges, no heuristics.",
52823cdd-d55a-4d06-9901-9d25d4d52f2b,Tiny Ripples Coffee Co.,Booth/Fuqua 2026.pdf,Booth,booth,2026,94,102,9,cases/Booth/Fuqua 2026/tiny-ripples-coffee-co.pdf,1.0,manual_override_fuqua_2026,False,Technology,Growth,,,,,"Case Overview
Interviewer Guidance
• Case Steps:
✓Exhibit #1: Financial Data
✓Brainstorm #1: Possible Solutions
✓Exhibit #2: Options to Explore
✓Recommendations and next steps
• Clarifying Information (If Prompted):
✓Objective: Client wants to improve its net profit by at least 40%
✓Business Model:",Tiny Ripples Coffee Co.,,manual_ground_truth_index,"Ground-truth index: exact page ranges, no heuristics.",
9db13840-4313-4052-b15d-3d01d0722fd1,Pet Paws,Booth/Fuqua 2026.pdf,Booth,booth,2026,103,113,11,cases/Booth/Fuqua 2026/pet-paws.pdf,1.0,manual_override_fuqua_2026,False,Retail / CPG,M&A,,,,,"Case Overview
Interviewer Guidance
•
Case Steps
-
Exhibit #1: Revenue Information
-
Exhibit #2: Costs Information
-
Exhibit #3: Give WACC
-
Brainstorm #1
-
Exhibit #4: Give synergy uplift
-
Recommendations and next steps
•
Clarifying Information:
>
Goal: Client has been looking to make a successful",Pet Paws,,manual_ground_truth_index,"Ground-truth index: exact page ranges, no heuristics.",
76366771-68d4-4524-9527-9a94eba6b616,AI in the Clouds,Booth/Fuqua 2026.pdf,Booth,booth,2026,114,124,11,cases/Booth/Fuqua 2026/ai-in-the-clouds.pdf,1.0,manual_override_fuqua_2026,False,Technology,M&A,,,,,"Case Overview
Interviewer Guidance
•
Case Steps
✓Exhibit #1: Current Sales Process
✓Brainstorm #1: AI impact on sales
✓Exhibit #2: AI initiatives for sales
✓Quantitative Exercise: Calculate incremental profit
✓Brainstorm #2: Prioritizing other departments for AI rollout
•
Clarifying Information (If",AI in the Clouds,,manual_ground_truth_index,"Ground-truth index: exact page ranges, no heuristics.",
ced23d73-6e4a-4865-b0a6-a827c558b2ca,Lactose King,Booth/Fuqua 2026.pdf,Booth,booth,2026,125,134,10,cases/Booth/Fuqua 2026/lactose-king.pdf,1.0,manual_override_fuqua_2026,False,Retail / CPG,Growth,,,,,"Case Overview
Interviewer Guidance
• Lactose King operates under a simple business model 
of owning and operating all of their own stores, 
procuring ingredients from various suppliers throughout 
the country, and processing/serving the ice cream at 
individual locations.
• They serve only soft-serv",Lactose King,,manual_ground_truth_index,"Ground-truth index: exact page ranges, no heuristics.",
2d2c50d3-296b-4917-b753-8aa474292390,Born for Beauty,Booth/Fuqua 2026.pdf,Booth,booth,2026,135,144,10,cases/Booth/Fuqua 2026/born-for-beauty.pdf,1.0,manual_override_fuqua_2026,False,Retail / CPG,Growth,,,,,"Case Overview
Interviewer Guidance
• Case Steps
-
Exhibit #1: User ratings
-
Exhibit #2: Competitive product mix
-
Brainstorm: New product factors
-
Exhibit #3: Product launches
-
Recommendations and next steps
• Clarifying Information (If Prompted)
-
BFB is primarily e-commerce, with a handful of p",Born for Beauty,,manual_ground_truth_index,"Ground-truth index: exact page ranges, no heuristics.",
18ddfad8-321c-4a2a-94b7-2be89460596a,MotherTech,Booth/Fuqua 2026.pdf,Booth,booth,2026,145,155,11,cases/Booth/Fuqua 2026/mothertech.pdf,1.0,manual_override_fuqua_2026,False,Technology,M&A,,,,,"Case Overview
Interviewer Guidance
•
Case Steps
-
Framework
-
Exhibit #1: Market Size and Market Share
-
Exhibit #2: Operating Expenses 
-
Exhibit #3: Recent M&A in Maternal Health
-
Brainstorming
-
Recommendations and next steps
Product Information: MotherTech is a digital marketplace that connects",MotherTech,,manual_ground_truth_index,"Ground-truth index: exact page ranges, no heuristics.",
81a2aaa5-587b-42c5-b862-5b5d5d262d8e,Bumpers R Us,Booth/Fuqua 2026.pdf,Booth,booth,2026,156,164,9,cases/Booth/Fuqua 2026/bumpers-r-us.pdf,1.0,manual_override_fuqua_2026,False,,Operations,,,,Interviewer-led,"Interviewer Guidance
• Case Steps
-
Exhibit #1: Manufacturing process
-
Brainstorm #1: Process improvement
-
Exhibit #2: Strategic initiatives
-
Recommendations and next steps
• Clarifying Information (If Prompted)
-
Bumpers-R-Us is a domestic supplier that purchases raw 
materials from around the w",Bumpers R Us,,manual_ground_truth_index,"Ground-truth index: exact page ranges, no heuristics.; industry not extracted",
00dd6248-2ebc-47aa-85a6-bde996ca8467,A-Plus School District,Booth/Fuqua 2026.pdf,Booth,booth,2026,165,174,10,cases/Booth/Fuqua 2026/a-plus-school-district.pdf,1.0,manual_override_fuqua_2026,False,,,,,,,"Case Overview
Interviewer Guidance
• Case Steps
✓Exhibit #1: Student Achievement Data
✓Exhibit #2: Student-Teacher Ratios
✓Exhibit #3: Teacher Budget Distribution
✓Recommendations and Next Steps
• Clarifying Information (If Prompted)
✓Objective: Identify root causes of low proficiency and 
recommend",A-Plus School District,,manual_ground_truth_index,"Ground-truth index: exact page ranges, no heuristics.; industry not extracted; case_type not extracted",
e239ab89-ad7b-4d62-8113-56501a3537ba,Sardine Airlines,Booth/Fuqua 2026.pdf,Booth,booth,2026,175,185,11,cases/Booth/Fuqua 2026/sardine-airlines.pdf,1.0,manual_override_fuqua_2026,False,Airlines / Transportation,Profitability,,,,,"Case Overview
Interviewer Guidance
• Clarifying Information (If Prompted)
-
Sardine Airlines competes primarily on having the lowest 
cost fares and offering minimal service
-
Due to its business model Sardine Airlines has a culture of 
cost savings that can be passed to the customer
-
Sardine Airli",Sardine Airlines,,manual_ground_truth_index,"Ground-truth index: exact page ranges, no heuristics.",
2ae04caa-0ce7-4eba-ac58-b8857201c6d9,Goodbye Horses,Booth/Fuqua 2026.pdf,Booth,booth,2026,186,194,9,cases/Booth/Fuqua 2026/goodbye-horses.pdf,1.0,manual_override_fuqua_2026,False,Healthcare,Investment,,,,,"Case Overview
Interviewer Guidance
•
The prompt can be ambiguous, and many interviewees may drive 
the case towards evaluating the projects or building a profit tree of 
the existing business to identify any issues. Neither of these 
approaches directly answers the prompt but probe them to realize",Goodbye Horses,,manual_ground_truth_index,"Ground-truth index: exact page ranges, no heuristics.",
3aba38f0-cd7f-4a64-8e10-debe9c092ef7,Scrub Strategy,Booth/Fuqua 2026.pdf,Booth,booth,2026,195,204,10,cases/Booth/Fuqua 2026/scrub-strategy.pdf,1.0,manual_override_fuqua_2026,False,Retail / CPG,Growth,,,,,"Case Overview
Interviewer Guidance
• Case Steps
-
List out all, Exhibits, Brainstorms, and final 
recommendations in the needed order
-
Exhibit #1: Potential Test Markets
-
Brainstorm #1: Transition Brainstorm
-
Exhibit #2: Market Results
-
Brainstorm #2: Marketing Strategy
-
Recommendations and nex",Scrub Strategy,,manual_ground_truth_index,"Ground-truth index: exact page ranges, no heuristics.",
619703f2-21a5-4aa9-b3df-b846ef13df94,Swift Business,Booth/Fuqua 2026.pdf,Booth,booth,2026,205,215,11,cases/Booth/Fuqua 2026/swift-business.pdf,1.0,manual_override_fuqua_2026,False,Technology,Market Entry,,,,,"Case Overview
Interviewer Guidance
• Case Steps
-
Exhibit #1: Market sizing
-
Brainstorm #1: Revenue factors
-
Exhibit #2: Revenue opportunity
-
Brainstorm #2: Switching factors
-
Exhibit #3: Add’l revenue opportunities
-
Recommendations & next steps
• Clarifying Information (If Prompted)
-
Currentl",Swift Business,,manual_ground_truth_index,"Ground-truth index: exact page ranges, no heuristics.",
ac9d6451-c963-4cb3-9937-b0a5b8e959fe,Practice Case 1 (Retailer),Booth/Harvard 2002.pdf,Booth,booth,2002,38,39,2,cases/Booth/Harvard 2002/practice-case-1-retailer.pdf,1.0,manual_override_harvard_2002,False,Retail / CPG,Profitability,,,,,"A major retailer of clothing and household products has been experiencing sluggish growth and less than expected profits in the last 
few years. The CEO has hired you to help her increase the company's annual growth rate and ultimately its profitability. 
 
• 
The retailer has 15 stores located in s",Practice Case 1 (Retailer),,manual_ground_truth_index,Printed pages 34–35; PDF offset +4.,
1961b1e0-988a-4ccf-b6c2-c7e0d2b85a67,Practice Case 2 (Butcher Shop),Booth/Harvard 2002.pdf,Booth,booth,2002,40,42,3,cases/Booth/Harvard 2002/practice-case-2-butcher-shop.pdf,1.0,manual_override_harvard_2002,False,,Operations,,,,,"A fast food chain recently bought a bovine meat-processing outlet to supply it with fresh hamburgers and other meets.  The shop process is: cows enter 
from one end of the shop, meat gets processed in the middle, and then the meat gets packaged and delivered at the other end. 
 
Meat 
Delivered 
Mea",Practice Case 2 (Butcher Shop),,manual_ground_truth_index,Printed pages 36–38; PDF offset +4.; industry not extracted,
82fbcd3d-4ec7-4d6a-bee5-3c1ac3bf3d95,Practice Case 3 (Juice Producer),Booth/Harvard 2002.pdf,Booth,booth,2002,43,44,2,cases/Booth/Harvard 2002/practice-case-3-juice-producer.pdf,1.0,manual_override_harvard_2002,False,Technology,Profitability,,,,,"A major producer of juice is in the business of processing and packaging fruit juice for retail outlets. Traditionally, the producer has packaged the juice in 
18-ounce carton containers. Recently, in response to demand from the market, the producer purchased a machine that packages the juice in pla",Practice Case 3 (Juice Producer),,manual_ground_truth_index,Printed pages 39–40; PDF offset +4.,
688765c7-6be1-4f1a-a10e-c2b98365dcae,Practice Case 4 (Chemical Manufacturer),Booth/Harvard 2002.pdf,Booth,booth,2002,45,46,2,cases/Booth/Harvard 2002/practice-case-4-chemical-manufacturer.pdf,1.0,manual_override_harvard_2002,False,,Profitability,,,,,"A major chemical manufacturer produces a chemical product used to preserve foods in containers. Despite an increase in market share, the manufacturer 
has experienced a decline in profits. The CEO of the company is worried about this trend and hires you to investigate. 
 
Recommended Solution 
 
Hig",Practice Case 4 (Chemical Manufacturer),,manual_ground_truth_index,Printed pages 41–42; PDF offset +4.; industry not extracted,
3ddc16b0-0c26-417e-b708-10def1c1d26a,Practice Case 5 (Viettel),Booth/Harvard 2002.pdf,Booth,booth,2002,47,48,2,cases/Booth/Harvard 2002/practice-case-5-viettel.pdf,1.0,manual_override_harvard_2002,False,,Operations,,,,,"A tire manufacturer in Vietnam, VieTire, has been the only player in that market due to high tariffs on imports. They dominate the tire industry. As it 
stands, the tariff is 50% of the total cost to produce and ship a tire to Vietnam.  Because of the forces of globalization and lower consumer price",Practice Case 5 (Viettel),,manual_ground_truth_index,Printed pages 43–44; PDF offset +4.; industry not extracted,
cd073239-aeef-45bc-a93f-05142d2323f1,Practice Case 6 (World View),Booth/Harvard 2002.pdf,Booth,booth,2002,49,50,2,cases/Booth/Harvard 2002/practice-case-6-world-view.pdf,1.0,manual_override_harvard_2002,False,,Growth,,,,,"A cable TV company from Canada, World View, had recently entered the US market in the northeast to expand its market share. World View saw this 
move as an opportunity to capture a large part of the US market (4MM consumers) in a market with very little competition. However, in the last couple of 
y",Practice Case 6 (World View),,manual_ground_truth_index,Printed pages 45–46; PDF offset +4.; industry not extracted,
f5c67191-27dd-45b3-be44-29e6603bda02,Practice Case 7 (Le Seine),Booth/Harvard 2002.pdf,Booth,booth,2002,51,52,2,cases/Booth/Harvard 2002/practice-case-7-le-seine.pdf,1.0,manual_override_harvard_2002,False,Retail / CPG,Growth,,,,,"A French soft drink company, Le Seine, is looking to diversify its holdings by investing in a new fast food chain in the US. You are hired to determine 
whether they should pursue this path and, if so, how they should go about execution. 
 
Recommended Solution 
High Level Plan of Attack 
• 
Underst",Practice Case 7 (Le Seine),,manual_ground_truth_index,Printed pages 47–48; PDF offset +4.,
b6d05cbe-41d1-4b7b-a675-8c9bc488744b,Practice Case 8 (Beer Brew),Booth/Harvard 2002.pdf,Booth,booth,2002,53,54,2,cases/Booth/Harvard 2002/practice-case-8-beer-brew.pdf,1.0,manual_override_harvard_2002,False,Retail / CPG,Pricing,,,,,"A major US beer company, Beer Brew, recently entered the UK market. Two years after entry, the company is still losing money. Despite 
a high per capita consumption of beer in the UK market, sales have been very disappointing. What explains this phenomenon? 
 
Recommended Solution 
High Level Plan o",Practice Case 8 (Beer Brew),,manual_ground_truth_index,Printed pages 49–50; PDF offset +4.,
c471c560-02e1-40f4-87c9-b1f09e7f8282,Practice Case 9 (Wheeler Dealer),Booth/Harvard 2002.pdf,Booth,booth,2002,55,56,2,cases/Booth/Harvard 2002/practice-case-9-wheeler-dealer.pdf,1.0,manual_override_harvard_2002,False,Retail / CPG,Growth,,,,,"A major auto service chain, Wheeler Dealer, has enjoyed healthy returns on its 30-store operation for the past 10 years. However, 
management feels that the chain needs to expand, as the current geographical areas in which they are based have become saturated.   
For the past couple of years, they h",Practice Case 9 (Wheeler Dealer),,manual_ground_truth_index,Printed pages 51–52; PDF offset +4.,
2b2bf9f1-c819-4c2d-ba38-870726af6a76,Practice Case 10 (Travel Agency),Booth/Harvard 2002.pdf,Booth,booth,2002,57,58,2,cases/Booth/Harvard 2002/practice-case-10-travel-agency.pdf,1.0,manual_override_harvard_2002,False,,Profitability,,,,,"A travel agency makes a 10% commission on all of its travel bookings. Their current profit before taxes is $1MM, while the industry 
average ranges from $2MM to $3.5MM. Why are they making less than the industry average? 
 
Recommended Solution 
 
High Level Plan of Attack 
• 
We need to understand",Practice Case 10 (Travel Agency),,manual_ground_truth_index,Printed pages 53–54; PDF offset +4.; industry not extracted,
0982157d-4a53-4af4-8b7b-619ba8591e41,Practice Case 11 (Hospital),Booth/Harvard 2002.pdf,Booth,booth,2002,59,61,3,cases/Booth/Harvard 2002/practice-case-11-hospital.pdf,1.0,manual_override_harvard_2002,False,Healthcare,Profitability,,,,,"Our client is a 350-bed hospital in a mid-size city. The organization has historically exhibited strong financial performance, and had a 1-3% operating gain 
each year for the last five years. However, they are projecting a $12 million operating loss this year, and expect this situation to worsen in",Practice Case 11 (Hospital),,manual_ground_truth_index,Printed pages 55–57; PDF offset +4.,
8f82751f-2924-448a-a08e-b09bc7d5b96b,Practice Case 12 (E-Grocery),Booth/Harvard 2002.pdf,Booth,booth,2002,62,64,3,cases/Booth/Harvard 2002/practice-case-12-e-grocery.pdf,1.0,manual_override_harvard_2002,False,Retail / CPG,Market Entry,,,,,"The client is a grocery store chain that is considering whether or not they should enter the emerging Internet-based grocery shopping/delivery market in the 
Boston area. This regional chain is currently one of the leaders in the traditional grocery store market in northern New England. 
 
In their",Practice Case 12 (E-Grocery),,manual_ground_truth_index,Printed pages 58–60; PDF offset +4.,
4c5df8cb-0460-4c61-ab35-fbfa08c28cde,Practice Case 13 (Formula Producer),Booth/Harvard 2002.pdf,Booth,booth,2002,65,67,3,cases/Booth/Harvard 2002/practice-case-13-formula-producer.pdf,1.0,manual_override_harvard_2002,False,Retail / CPG,Profitability,,,,,"The client is a manufacturer and distributor of infant formula. They sell their product nationwide, and are in the middle of the pack in terms of market 
share.  They are currently trying to boost their market share while maintaining profitability.   
 
There is a government welfare program called W",Practice Case 13 (Formula Producer),,manual_ground_truth_index,Printed pages 61–63; PDF offset +4.,
ee36fdd0-17c9-45e0-9017-333fed744892,Practice Case 14 (Pharmaceutical Company),Booth/Harvard 2002.pdf,Booth,booth,2002,68,73,6,cases/Booth/Harvard 2002/practice-case-14-pharmaceutical-company.pdf,1.0,manual_override_harvard_2002,False,Healthcare,Profitability,,,,,,Practice Case 14 (Pharmaceutical Company),,manual_ground_truth_index,Printed pages 64–69; PDF offset +4.,
650201ab-88c0-4e09-a170-253d6c1ba73a,Practice Case 15 (Scotch Manufacturer),Booth/Harvard 2002.pdf,Booth,booth,2002,74,82,9,cases/Booth/Harvard 2002/practice-case-15-scotch-manufacturer.pdf,1.0,manual_override_harvard_2002,False,,Profitability,,,,,"We have been contacted by a large distilled spirits manufacturing and marketing company to develop a new strategy for one of their brands. 
 
Before getting into the details on this particular case, how would you define strategy? 
• 
Participation 
o Geography 
o Customer 
o High-Level Product Segme",Practice Case 15 (Scotch Manufacturer),,manual_ground_truth_index,Printed pages 70–78; PDF offset +4.; industry not extracted,
2f40ffaa-60de-4c69-83b1-4ca0643dbc85,Practice Case 16 (Regional Jet Corporation),Booth/Harvard 2002.pdf,Booth,booth,2002,83,90,8,cases/Booth/Harvard 2002/practice-case-16-regional-jet-corporation.pdf,1.0,manual_override_harvard_2002,False,,Profitability,,,,,,Practice Case 16 (Regional Jet Corporation),,manual_ground_truth_index,Printed pages 79–86; PDF offset +4.; industry not extracted,
5f2574ae-9884-431a-a003-9f2b7b586ca6,Practice Case 17 (British Times),Booth/Harvard 2002.pdf,Booth,booth,2002,91,94,4,cases/Booth/Harvard 2002/practice-case-17-british-times.pdf,1.0,manual_override_harvard_2002,False,Financial Services,Profitability,,,,,"You're a new senior strategy associate and have just finished your orientation training. You are immediately assigned to our British Times team. 
 
The British Times is an upscale, highly respected newspaper. It is the most widely read newspaper in Great Britain, especially its very strong 
business",Practice Case 17 (British Times),,manual_ground_truth_index,Printed pages 87–90; PDF offset +4.,
d524b3eb-45aa-4a2d-b294-8bcac32e53a6,Practice Case 18 (Children Clothes E-Retailer),Booth/Harvard 2002.pdf,Booth,booth,2002,95,99,5,cases/Booth/Harvard 2002/practice-case-18-children-clothes-e-retailer.pdf,1.0,manual_override_harvard_2002,False,Retail / CPG,Growth,,,,,"The client's web site and some associated articles found on the Internet have provided the following information. 
 
• 
The client is a publicly traded company with a $3B market cap. The share price has risen from $15 to $45 in the past 12 months.  
• 
The client has 300 stores, mostly east of the M",Practice Case 18 (Children Clothes E-Retailer),,manual_ground_truth_index,Printed pages 91–95; PDF offset +4.,
3312eb73-71d5-472a-b1f7-de59873f7227,Practice Case 19 (Consumer Products),Booth/Harvard 2002.pdf,Booth,booth,2002,100,101,2,cases/Booth/Harvard 2002/practice-case-19-consumer-products.pdf,1.0,manual_override_harvard_2002,False,Retail / CPG,Profitability,,,,,"You talked at length with the President of the dot-com part of the company and this is what you learned: 
• 
This company now wants to sell directly to consumers through their Internet site. 
• 
Their current online business is nothing more than a small catalog and is not doing very well: sales and",Practice Case 19 (Consumer Products),,manual_ground_truth_index,Printed pages 96–97; PDF offset +4.,
045a9ba4-11bb-46cd-bc15-7128c29f679d,Practice Case 20 (The Video Store),Booth/Harvard 2002.pdf,Booth,booth,2002,102,105,4,cases/Booth/Harvard 2002/practice-case-20-the-video-store.pdf,1.0,manual_override_harvard_2002,False,Technology,Growth,,,,,,Practice Case 20 (The Video Store),,manual_ground_truth_index,Printed pages 98–101; PDF offset +4.,
b433c092-9a8e-42e3-a04f-5c04f9805e83,Practice Case 21 (The English Church),Booth/Harvard 2002.pdf,Booth,booth,2002,106,107,2,cases/Booth/Harvard 2002/practice-case-21-the-english-church.pdf,1.0,manual_override_harvard_2002,False,,,,,,,,Practice Case 21 (The English Church),,manual_ground_truth_index,Printed pages 102–103; PDF offset +4.; industry not extracted; case_type not extracted,
d82c13b2-cffd-48d2-b5fa-13e9796b4daf,Practice Case 22 (HBS as a Business),Booth/Harvard 2002.pdf,Booth,booth,2002,108,109,2,cases/Booth/Harvard 2002/practice-case-22-hbs-as-a-business.pdf,1.0,manual_override_harvard_2002,False,Media / Entertainment,Profitability,,,,,,Practice Case 22 (HBS as a Business),,manual_ground_truth_index,Printed pages 104–105; PDF offset +4.,
6f745104-80fb-41b7-9332-c9c31490512e,Practice Case 23 (Fast Food Restaurant),Booth/Harvard 2002.pdf,Booth,booth,2002,110,112,3,cases/Booth/Harvard 2002/practice-case-23-fast-food-restaurant.pdf,1.0,manual_override_harvard_2002,False,Technology,Investment,,,,,,Practice Case 23 (Fast Food Restaurant),,manual_ground_truth_index,Printed pages 106–108; PDF offset +4.,
19eab118-94e0-479b-8352-698d710d3eb9,Practice Case 24 (Automobile Producer),Booth/Harvard 2002.pdf,Booth,booth,2002,113,114,2,cases/Booth/Harvard 2002/practice-case-24-automobile-producer.pdf,1.0,manual_override_harvard_2002,False,Financial Services,Pricing,,,,,,Practice Case 24 (Automobile Producer),,manual_ground_truth_index,Printed pages 109–END; PDF offset +4.,
92fc7209-80b4-4d67-a3dd-86549277d6dc,Chicouver Cycle,Booth/Kellogg 2024.pdf,Booth,booth,2024,106,117,12,cases/Booth/Kellogg 2024/chicouver-cycle.pdf,1.0,manual_override_kellogg_2024,False,,Market Entry,,,,,"• Our client, Chicouver Cycle (pronounced “Chai-cover”), is a bikesharing startup. Like other bikeshare operators in cities around the 
world, Chicouver Cycle owns bicycles and rents them out to users one trip at a time.
• Chicouver Cycle wants to know how they should launch operations in the city o",Chicouver Cycle,,manual_ground_truth_index,"Ground-truth index: exact page ranges, no heuristics.; industry not extracted",
d4ef9969-135b-4a74-8c02-bc0cbb25c639,Sosland Sports,Booth/Kellogg 2024.pdf,Booth,booth,2024,325,332,8,cases/Booth/Kellogg 2024/sosland-sports.pdf,1.0,manual_override_kellogg_2024,False,,Market Entry,,,,,"• Your client, Sosland (pronounced sauce-land) Sports, is an operator of squash centers in Sweden. The squash centers 
include sauna, spa, pool, gym and - of course - the squash courts!
• Due to the extreme success in Sweden the company is considering expanding to other countries in Europe, in parti",Sosland Sports,,manual_ground_truth_index,"Ground-truth index: exact page ranges, no heuristics.; industry not extracted",
7e040162-0e64-4e8b-8fdc-41da3810cce1,Andrew's Simple Delights,Booth/Kellogg 2024.pdf,Booth,booth,2024,415,426,12,cases/Booth/Kellogg 2024/andrew-s-simple-delights.pdf,1.0,manual_override_kellogg_2024,False,,Profitability,,,,,"• Our client, Simple Delights, is a restaurant in Evanston, Illinois. They are an Asian-fusion restaurant and have been open for the last 
12 months.
• Customers in the area have called Simple Delights one of their favorite restaurants. They particularly love the restaurant’s crab 
rangoons, which s",Andrew's Simple Delights,,manual_ground_truth_index,"Ground-truth index: exact page ranges, no heuristics.; industry not extracted",
f704d156-84fa-4a69-be8a-1246fc9a13ae,Pandora,Booth/Kellogg 2024.pdf,Booth,booth,2024,427,439,13,cases/Booth/Kellogg 2024/pandora.pdf,1.0,manual_override_kellogg_2024,False,,Market Entry,,,,,"• Our client, Pandora Coaching, is an admissions advisory firm.
• Pandora specializes in MBA coaching for business school applicants.
• Since the COVID pandemic, profits have stagnated, and the founders are considering changing Pandora’s business model and/or 
target customers.
• What are some steps",Pandora,,manual_ground_truth_index,"Ground-truth index: exact page ranges, no heuristics.; industry not extracted",
d2ab04ba-4926-4b85-83d2-7327f10ce935,"Antidepressant Pricing (BCG, Round 1)",Booth/MIT 2011.pdf,Booth,booth,2011,6,9,4,cases/Booth/MIT 2011/antidepressant-pricing-bcg-round-1.pdf,1.0,manual_override_mit_2011,False,Healthcare,Market Entry,,,,,,"Antidepressant Pricing (BCG, Round 1)",,manual_ground_truth_index,"Ground-truth TOC: exact page ranges, no heuristics.; Printed pages 56–59; offset = printed - 50.",
64213939-4ccd-4595-b8f4-fe33a2558c0f,"Media and Operations (BCG, Round 1)",Booth/MIT 2011.pdf,Booth,booth,2011,10,12,3,cases/Booth/MIT 2011/media-and-operations-bcg-round-1.pdf,1.0,manual_override_mit_2011,False,,Operations,,,,,,"Media and Operations (BCG, Round 1)",,manual_ground_truth_index,"Ground-truth TOC: exact page ranges, no heuristics.; Printed pages 60–62; offset = printed - 50.; industry not extracted",
acd02316-095b-4f28-80b4-0be035adc29d,"Zippy Snowmobiles (McKinsey, Round 1)",Booth/MIT 2011.pdf,Booth,booth,2011,13,16,4,cases/Booth/MIT 2011/zippy-snowmobiles-mckinsey-round-1.pdf,1.0,manual_override_mit_2011,False,wide problem,M&A,,,,,,"Zippy Snowmobiles (McKinsey, Round 1)",,manual_ground_truth_index,"Ground-truth TOC: exact page ranges, no heuristics.; Printed pages 63–66; offset = printed - 50.",
a23f9727-35d0-4609-a4c5-b15ff5a20883,"Bicycle Part Manufacturer (Bain, Round 1)",Booth/MIT 2011.pdf,Booth,booth,2011,17,19,3,cases/Booth/MIT 2011/bicycle-part-manufacturer-bain-round-1.pdf,1.0,manual_override_mit_2011,False,,Growth,,,,,,"Bicycle Part Manufacturer (Bain, Round 1)",,manual_ground_truth_index,"Ground-truth TOC: exact page ranges, no heuristics.; Printed pages 67–69; offset = printed - 50.; industry not extracted",
62ac7197-e48b-43fd-82a9-ea087f9d269c,"Pharmacy in Supermarket (Bain, Round 1)",Booth/MIT 2011.pdf,Booth,booth,2011,20,23,4,cases/Booth/MIT 2011/pharmacy-in-supermarket-bain-round-1.pdf,1.0,manual_override_mit_2011,False,Healthcare,Profitability,,,,,,"Pharmacy in Supermarket (Bain, Round 1)",,manual_ground_truth_index,"Ground-truth TOC: exact page ranges, no heuristics.; Printed pages 70–73; offset = printed - 50.",
925bcea1-bd49-4b7f-883c-f44ea7456cfc,"Megabank Under-penetration (McKinsey, Round 1)",Booth/MIT 2011.pdf,Booth,booth,2011,24,26,3,cases/Booth/MIT 2011/megabank-under-penetration-mckinsey-round-1.pdf,1.0,manual_override_mit_2011,False,,M&A,,,,,,"Megabank Under-penetration (McKinsey, Round 1)",,manual_ground_truth_index,"Ground-truth TOC: exact page ranges, no heuristics.; Printed pages 74–76; offset = printed - 50.; industry not extracted",
375cc43e-32b8-40e3-9da3-1554a7c265f0,"Moldovian Coffins (McKinsey, Round 1)",Booth/MIT 2011.pdf,Booth,booth,2011,27,30,4,cases/Booth/MIT 2011/moldovian-coffins-mckinsey-round-1.pdf,1.0,manual_override_mit_2011,False,Technology,Profitability,,,,,,"Moldovian Coffins (McKinsey, Round 1)",,manual_ground_truth_index,"Ground-truth TOC: exact page ranges, no heuristics.; Printed pages 77–80; offset = printed - 50.",
8440c309-4928-4efa-9896-e50dfd4f2d8f,"Fast Food Probability (McKinsey, Mock Case)",Booth/MIT 2011.pdf,Booth,booth,2011,31,32,2,cases/Booth/MIT 2011/fast-food-probability-mckinsey-mock-case.pdf,1.0,manual_override_mit_2011,False,Retail / CPG,Profitability,,,,,"remain silent for ten seconds. And then offer minimal clues. If the candidate produces the 
correct answer, ask him if he is sure. Force the candidate to declare he is sure before moving on. 
Interviewer: Ok. Let's forget about costs. Let's talk about revenues. Over the past fifteen 
years, the numb","Fast Food Probability (McKinsey, Mock Case)",,manual_ground_truth_index,"Ground-truth TOC: exact page ranges, no heuristics.; Printed pages 81–82; offset = printed - 50.",
62410197-f26c-4f87-a6be-1cef260d28cf,"Always Fresh (BCG, Mock Case)",Booth/MIT 2011.pdf,Booth,booth,2011,33,36,4,cases/Booth/MIT 2011/always-fresh-bcg-mock-case.pdf,1.0,manual_override_mit_2011,False,Retail / CPG,Market Entry,,,,,,"Always Fresh (BCG, Mock Case)",,manual_ground_truth_index,"Ground-truth TOC: exact page ranges, no heuristics.; Printed pages 83–86; offset = printed - 50.",
6f16b438-f0c1-4f4e-a80a-9af40c4e76fe,"Learjet (Bain, Mock Case)",Booth/MIT 2011.pdf,Booth,booth,2011,37,40,4,cases/Booth/MIT 2011/learjet-bain-mock-case.pdf,1.0,manual_override_mit_2011,False,,Profitability,,,,,,"Learjet (Bain, Mock Case)",,manual_ground_truth_index,"Ground-truth TOC: exact page ranges, no heuristics.; Printed pages 87–90; offset = printed - 50.; industry not extracted",
42bee2d0-6072-4a3b-9832-5a8610a9c2bb,"Luxury Cruise (Booz, Round 1)",Booth/MIT 2011.pdf,Booth,booth,2011,41,43,3,cases/Booth/MIT 2011/luxury-cruise-booz-round-1.pdf,1.0,manual_override_mit_2011,False,,Pricing,,,,,,"Luxury Cruise (Booz, Round 1)",,manual_ground_truth_index,"Ground-truth TOC: exact page ranges, no heuristics.; Printed pages 91–93; offset = printed - 50.; industry not extracted",
5aac5d32-0c60-4110-a2dd-baa3b4faf349,"Rental Cars & Frequent Flyer Miles (BCG, Round 1)",Booth/MIT 2011.pdf,Booth,booth,2011,44,46,3,cases/Booth/MIT 2011/rental-cars-frequent-flyer-miles-bcg-round-1.pdf,1.0,manual_override_mit_2011,False,Airlines / Transportation,Profitability,,,,,,"Rental Cars & Frequent Flyer Miles (BCG, Round 1)",,manual_ground_truth_index,"Ground-truth TOC: exact page ranges, no heuristics.; Printed pages 94–96; offset = printed - 50.",
b4f81d47-6f2d-425b-baeb-beba57ca67cc,"Spanish Trains (McKinsey, Round 1)",Booth/MIT 2011.pdf,Booth,booth,2011,47,49,3,cases/Booth/MIT 2011/spanish-trains-mckinsey-round-1.pdf,1.0,manual_override_mit_2011,False,"competitors, and competitive situation. Give the following",Operations,,,,,,"Spanish Trains (McKinsey, Round 1)",,manual_ground_truth_index,"Ground-truth TOC: exact page ranges, no heuristics.; Printed pages 97–99; offset = printed - 50.",
b6f08270-b9ef-430b-ba25-b94c1f7e9044,"Store Tissue Label Manufacturer (BCG, Round 1)",Booth/MIT 2011.pdf,Booth,booth,2011,50,51,2,cases/Booth/MIT 2011/store-tissue-label-manufacturer-bcg-round-1.pdf,1.0,manual_override_mit_2011,False,Retail / CPG,Growth,,,,,,"Store Tissue Label Manufacturer (BCG, Round 1)",,manual_ground_truth_index,"Ground-truth TOC: exact page ranges, no heuristics.; Printed pages 100–101; offset = printed - 50.",
9bee67e4-adeb-4b3f-8692-28c32fada008,"Fruit Juice (Bain, Round 1)",Booth/MIT 2011.pdf,Booth,booth,2011,52,54,3,cases/Booth/MIT 2011/fruit-juice-bain-round-1.pdf,1.0,manual_override_mit_2011,False,Retail / CPG,Profitability,,,,,"Candidate: Before I dig deeper does the client have anything in their portfolio that 
could generate synergies? 
Interviewer: Yes, they own a low end soda and bottle water manufacturer makes private labels 
in US and Canada. The private labels are sold at retailers like Walmart and CostCo. 
Key Insi","Fruit Juice (Bain, Round 1)",,manual_ground_truth_index,"Ground-truth TOC: exact page ranges, no heuristics.; Printed pages 102–104; offset = printed - 50.",
c2ccd67c-d39a-460e-a258-e536da86d839,"Art Museum (McKinsey, Round 1)",Booth/MIT 2011.pdf,Booth,booth,2011,55,56,2,cases/Booth/MIT 2011/art-museum-mckinsey-round-1.pdf,1.0,manual_override_mit_2011,False,,Pricing,,,,,,"Art Museum (McKinsey, Round 1)",,manual_ground_truth_index,"Ground-truth TOC: exact page ranges, no heuristics.; Printed pages 105–106; offset = printed - 50.; industry not extracted",
745ba66a-a5de-4c4b-bb4a-c39f5eef9b38,"Broadband Internet Service Provider (Bain, Round 1)",Booth/MIT 2011.pdf,Booth,booth,2011,57,58,2,cases/Booth/MIT 2011/broadband-internet-service-provider-bain-round-1.pdf,1.0,manual_override_mit_2011,False,Technology,Pricing,,,,,,"Broadband Internet Service Provider (Bain, Round 1)",,manual_ground_truth_index,"Ground-truth TOC: exact page ranges, no heuristics.; Printed pages 107–108; offset = printed - 50.",
aedcd909-e408-423e-ac9b-e6521a4edfce,"Industrial Tools Manufacturer (Bain, Round 1)",Booth/MIT 2011.pdf,Booth,booth,2011,59,61,3,cases/Booth/MIT 2011/industrial-tools-manufacturer-bain-round-1.pdf,1.0,manual_override_mit_2011,False,Technology,Profitability,,,,,,"Industrial Tools Manufacturer (Bain, Round 1)",,manual_ground_truth_index,"Ground-truth TOC: exact page ranges, no heuristics.; Printed pages 109–111; offset = printed - 50.",
a570548f-47dc-4a44-bae2-bb8efa00bcd5,"Toothpaste Company (Bain, Round 1)",Booth/MIT 2011.pdf,Booth,booth,2011,62,63,2,cases/Booth/MIT 2011/toothpaste-company-bain-round-1.pdf,1.0,manual_override_mit_2011,False,Retail / CPG,Profitability,,,,,,"Toothpaste Company (Bain, Round 1)",,manual_ground_truth_index,"Ground-truth TOC: exact page ranges, no heuristics.; Printed pages 112–113; offset = printed - 50.",
efbc11ee-1422-41ad-9155-9bfe67c1dcf2,"Recreational Aircraft (Bain, Round 1)",Booth/MIT 2011.pdf,Booth,booth,2011,64,66,3,cases/Booth/MIT 2011/recreational-aircraft-bain-round-1.pdf,1.0,manual_override_mit_2011,False,Industrials,Growth,,,,,,"Recreational Aircraft (Bain, Round 1)",,manual_ground_truth_index,"Ground-truth TOC: exact page ranges, no heuristics.; Printed pages 114–116; offset = printed - 50.",
f28648c9-7496-4c75-ae36-c41bfdeb7974,"Consumer Packaged Goods (Bain, Round 1)",Booth/MIT 2011.pdf,Booth,booth,2011,67,69,3,cases/Booth/MIT 2011/consumer-packaged-goods-bain-round-1.pdf,1.0,manual_override_mit_2011,False,Technology,Operations,,,,,,"Consumer Packaged Goods (Bain, Round 1)",,manual_ground_truth_index,"Ground-truth TOC: exact page ranges, no heuristics.; Printed pages 117–119; offset = printed - 50.",
de5e55be-3fdb-42d4-af42-abed5864f462,"Domino's Pizza (Bain, Round 1)",Booth/MIT 2011.pdf,Booth,booth,2011,70,72,3,cases/Booth/MIT 2011/domino-s-pizza-bain-round-1.pdf,1.0,manual_override_mit_2011,False,Retail / CPG,Profitability,,,,,,"Domino's Pizza (Bain, Round 1)",,manual_ground_truth_index,"Ground-truth TOC: exact page ranges, no heuristics.; Printed pages 120–122; offset = printed - 50.",
a2b9de1c-d524-4305-b96c-4c4360b9c1fe,"Credit Card Company (Bain, Round 1)",Booth/MIT 2011.pdf,Booth,booth,2011,73,74,2,cases/Booth/MIT 2011/credit-card-company-bain-round-1.pdf,1.0,manual_override_mit_2011,False,Technology,Profitability,,,,,,"Credit Card Company (Bain, Round 1)",,manual_ground_truth_index,"Ground-truth TOC: exact page ranges, no heuristics.; Printed pages 123–124; offset = printed - 50.",
0abea707-2ae8-4c76-b4b7-43221c847aa3,"Utility Company (Bain, Round 1)",Booth/MIT 2011.pdf,Booth,booth,2011,75,78,4,cases/Booth/MIT 2011/utility-company-bain-round-1.pdf,1.0,manual_override_mit_2011,False,Energy,Profitability,,,,,"directly as well. Ideally, the interview would include internal capability factors, green factors, 
and governmental view 
Interviewer: What do you think are the most important pros and cons of each option? 
Possible Answers: 
Option 
Pros 
Cons 
Green Credits 
-
Limited capital commitment 
-
Exposu","Utility Company (Bain, Round 1)",,manual_ground_truth_index,"Ground-truth TOC: exact page ranges, no heuristics.; Printed pages 125–128; offset = printed - 50.",
f81b1172-a41c-42da-af75-1ca74e8d2a14,"Dairy Farm (Bain, Round 1)",Booth/MIT 2011.pdf,Booth,booth,2011,79,173,95,cases/Booth/MIT 2011/dairy-farm-bain-round-1.pdf,1.0,manual_override_mit_2011,False,Technology,Profitability,,,,,"• 
Dairy farming is a localized market: 
o Bonus points for candidate who brainstorms why this might be true (e.g. spoilage 
during transport, government restrictions and co-operatives) 
o 
Our potential target competes with other dairy farms in the same area in Iowa 
• 
Competitive sizes: 
o 
Our p","Dairy Farm (Bain, Round 1)",,manual_ground_truth_index,"Ground-truth TOC: exact page ranges, no heuristics.; Printed pages 129–END; offset = printed - 50.",
8f5403a4-7aa0-4900-ba08-09d0d59f54d5,Big Ten Bivalves,Booth/Ross 2024.pdf,Booth,booth,2024,25,33,9,cases/Booth/Ross 2024/big-ten-bivalves.pdf,1.0,manual_override_ross_2024,False,Retail / CPG,Growth,,,,Interviewee-led,"Case 1 – Big Ten Bivalves

27
Clarifying 
Information
• Last year, Big Ten had $1 million in revenue. Their goal is to scale to $5 million/year in five years’ time.
• Big Ten has three main customer segments: Restaurants, Private Events, and Direct-to-Consumer 
Sales. Their customers are all located",Big Ten Bivalves,,manual_ground_truth_index,"Ground-truth TOC: exact page ranges, no heuristics.",
0c0f6f71-2c22-4421-9cad-d5eed7bee54f,Maize & Blue Cement,Booth/Ross 2024.pdf,Booth,booth,2024,34,40,7,cases/Booth/Ross 2024/maize-blue-cement.pdf,1.0,manual_override_ross_2024,False,Retail / CPG,Profitability,,,,Interviewee-led,"Case 2 – Maize & Blue Cement

Potential Framework
Strategic Value
Financial Analysis
Risk
Case 2 – Maize & Blue Cement
Expected change in cost
•Increase in salaries and transportation
•Reduced commission/fees to third party
Projected revenue change
•Potentially higher revenue through better 
distrib",Maize & Blue Cement,,manual_ground_truth_index,"Ground-truth TOC: exact page ranges, no heuristics.",
d15aa5a4-8b10-44da-b70b-1fbe51105db5,Melt That Snow,Booth/Ross 2024.pdf,Booth,booth,2024,49,57,9,cases/Booth/Ross 2024/melt-that-snow.pdf,1.0,manual_override_ross_2024,False,,Investment,,,,Interviewee-led,"Case 4 – Melt That Snow

Sample Framework
Costs
Revenue
Market
●
Event ticket sale revenues
●
Increase in tax revenues
●
Shopping, entertainment, food 
revenues
●
Cost savings from plowing or 
snow removal
●Upfront cost
○Land/lease costs
○Construction costs
■Materials
■Labor
○Legal costs
●Cost of ma",Melt That Snow,,manual_ground_truth_index,"Ground-truth TOC: exact page ranges, no heuristics.; industry not extracted",
9297bb51-1958-468c-91ac-e62d62db36ea,Malaria Remedy,Booth/Ross 2024.pdf,Booth,booth,2024,58,66,9,cases/Booth/Ross 2024/malaria-remedy.pdf,1.0,manual_override_ross_2024,False,Healthcare,Profitability,,,,Interviewee-led,"Case 5 – Malaria Remedy

Exhibit 1
Annual malaria cases
Contribution Margin
Fixed Set-up Costs
Ghana
1,200,000
40
30,000,000
South Africa
250,000
7
50,000,000
Uganda
1,500,000
60
72,000,000
Tanzania
2,100,000
36
90,000,000
Case 5 – Malaria  Remedy",Malaria Remedy,,manual_ground_truth_index,"Ground-truth TOC: exact page ranges, no heuristics.",
783dc8e6-ed2d-456d-b11c-1b2b87e59914,Donatella Co.,Booth/Ross 2024.pdf,Booth,booth,2024,67,78,12,cases/Booth/Ross 2024/donatella-co.pdf,1.0,manual_override_ross_2024,False,Retail / CPG,M&A,,,,Interviewee-led,"Clarifying Information
• Last year they did €1 billion in revenues across their brands.
• This
legislation
requires that all
EUcompanies
with
more than
€40M in annual
revenue or non-EU
companies
with
more than
€150M in revenue in Europe start publishing detailed information on sustainability.
• Comp",Donatella Co.,,manual_ground_truth_index,"Ground-truth TOC: exact page ranges, no heuristics.",
29d107c5-97c2-489e-95ea-6f613d9e4868,Let's Vroom,Booth/Ross 2024.pdf,Booth,booth,2024,120,129,10,cases/Booth/Ross 2024/let-s-vroom.pdf,1.0,manual_override_ross_2024,False,,Profitability,,,,Interviewee-led,"Your client is Race Co, a racing track company in Chicago. They hold 3 kinds of races in 
their track- small, medium and big. The client feels that they should stop the small race 
format since it has been struggling with profitability over the last 3 years. What would you 
recommend?
122
Clarifying",Let's Vroom,,manual_ground_truth_index,"Ground-truth TOC: exact page ranges, no heuristics.; industry not extracted",
ed272575-3d29-4be3-a0b0-ae2fbbba2e5b,WolverineHomes,Booth/Ross 2024.pdf,Booth,booth,2024,199,209,11,cases/Booth/Ross 2024/wolverinehomes.pdf,1.0,manual_override_ross_2024,False,Energy,,,,,Interviewee-led,"Case 18 – WolverineHomes

Sample Framework
Case 18 – WolverineHomes
●
How at risk at their current homes?
 
●
How much more revenue should the 
expect to lose?
●
Battery powered appliances
 
●
Back-up generators
Alternate Options
Risk analysis
●
Could they sell current properties & purchase 
new?
●",WolverineHomes,,manual_ground_truth_index,"Ground-truth TOC: exact page ranges, no heuristics.; case_type not extracted",
f964838d-2670-4c20-92ee-5b77cbf502a7,TW Tech,Booth/Ross 2024.pdf,Booth,booth,2024,210,219,10,cases/Booth/Ross 2024/tw-tech.pdf,1.0,manual_override_ross_2024,False,Technology,Profitability,,,,Interviewee-led,Case 19  –TW Tech,TW Tech,,manual_ground_truth_index,"Ground-truth TOC: exact page ranges, no heuristics.",
0a1f958b-9f0e-44c5-bac5-bfaecc71f918,RocketBlocks Case #15 - Brewing Uncertainty,RocketBlocks/RocketBlocks Case-15-food-and-beverage-growth.pdf,RocketBlocks,rocketblocks,,1,16,16,cases/RocketBlocks/RocketBlocks Case-15-food-and-beverage-growth/rocketblocks-case-15-brewing-uncertainty.pdf,0.85,already_single_case,False,Technology,,,,,,,,"Brewing Uncertainty
How should Starbucks respond to global 
headwinds?",single_file,Entire PDF treated as one case; case_type not extracted,
b52e631a-03b4-479e-8a3a-3c430e12a33a,RocketBlocks-Case -27-competitive-response-retail,RocketBlocks/RocketBlocks-Case -27-competitive-response-retail.pdf,RocketBlocks,rocketblocks,,1,18,18,cases/RocketBlocks/RocketBlocks-Case -27-competitive-response-retail/rocketblocks-case-27-competitive-response-retail.pdf,0.85,already_single_case,False,Technology,,,,,,,,"Holiday Hustle
Help Target succeed when it counts",single_file,Entire PDF treated as one case; case_type not extracted,
e0673bee-a394-41b3-ab0e-f1fad8b327e2,RocketBlocks-Case-1-profitability-streaming-media,RocketBlocks/RocketBlocks-Case-1-profitability-streaming-media.pdf,RocketBlocks,rocketblocks,,1,20,20,cases/RocketBlocks/RocketBlocks-Case-1-profitability-streaming-media/rocketblocks-case-1-profitability-streaming-media.pdf,0.85,already_single_case,False,Technology,Profitability,,,,,,,"NetFilm’s Proﬁtability Puzzle
Where did our streaming margin go?",single_file,Entire PDF treated as one case,
f7ee7ac3-56a8-4283-adc4-5afbc3e3fdb6,RocketBlocks-Case-10-non-profit-market-entry,RocketBlocks/RocketBlocks-Case-10-non-profit-market-entry.pdf,RocketBlocks,rocketblocks,,1,18,18,cases/RocketBlocks/RocketBlocks-Case-10-non-profit-market-entry/rocketblocks-case-10-non-profit-market-entry.pdf,0.85,already_single_case,False,Technology,Investment,,,,,,,"Transforming Texas Education
A non-proﬁt investment strategy",single_file,Entire PDF treated as one case,
95194b0f-506c-4b25-93dc-2ddd500be1c1,RocketBlocks-Case-11-public-sector-operations,RocketBlocks/RocketBlocks-Case-11-public-sector-operations.pdf,RocketBlocks,rocketblocks,,1,17,17,cases/RocketBlocks/RocketBlocks-Case-11-public-sector-operations/rocketblocks-case-11-public-sector-operations.pdf,0.85,already_single_case,False,Technology,,,,,,,,"Cleaner Curbs
Addressing waste management in New York City",single_file,Entire PDF treated as one case; case_type not extracted,
e292ee05-ec46-42c8-bf22-c01044455037,RocketBlocks Case #12 - Queens of Athleisure,RocketBlocks/RocketBlocks-case-12-retail-competitive-response.pdf,RocketBlocks,rocketblocks,,1,17,17,cases/RocketBlocks/RocketBlocks-case-12-retail-competitive-response/rocketblocks-case-12-queens-of-athleisure.pdf,0.85,already_single_case,False,Technology,,,,,,,,"Queens of Athleisure?
How to keep Lululemon on top",single_file,Entire PDF treated as one case; case_type not extracted,
5e3ced0b-8608-44d1-82f9-6f3d3eb14093,RocketBlocks-Case-13-public-sector-growth,RocketBlocks/RocketBlocks-Case-13-public-sector-growth.pdf,RocketBlocks,rocketblocks,,1,19,19,cases/RocketBlocks/RocketBlocks-Case-13-public-sector-growth/rocketblocks-case-13-public-sector-growth.pdf,0.85,already_single_case,False,Technology,,,,,,,,"Haggis and Hospitality
Increasing post-pandemic tourism to Scotland",single_file,Entire PDF treated as one case; case_type not extracted,
709a3a3f-88c9-4c0d-b918-c643f85f7e97,RocketBlocks-Case-14-public-sector-transportation,RocketBlocks/RocketBlocks-Case-14-public-sector-transportation.pdf,RocketBlocks,rocketblocks,,1,16,16,cases/RocketBlocks/RocketBlocks-Case-14-public-sector-transportation/rocketblocks-case-14-public-sector-transportation.pdf,0.85,already_single_case,False,Technology,,,,,,,,"Pedals of Progress
Paris wrestles with bike infrastructure ahead of 
the 2024 Olympics",single_file,Entire PDF treated as one case; case_type not extracted,
1826da57-e7c8-42b0-a276-0b34cbee6f14,RocketBlocks-Case-16-airlines-technology,RocketBlocks/RocketBlocks-Case-16-airlines-technology.pdf,RocketBlocks,rocketblocks,,1,16,16,cases/RocketBlocks/RocketBlocks-Case-16-airlines-technology/rocketblocks-case-16-airlines-technology.pdf,0.85,already_single_case,False,Technology,,,,,,,,"AI at the Airport
KLM delivers a technology transformation",single_file,Entire PDF treated as one case; case_type not extracted,
1a22d405-69b1-4cfd-87cf-cea0e3d36c5b,RocketBlocks-Case-17-airlines-growth,RocketBlocks/RocketBlocks-Case-17-airlines-growth.pdf,RocketBlocks,rocketblocks,,1,16,16,cases/RocketBlocks/RocketBlocks-Case-17-airlines-growth/rocketblocks-case-17-airlines-growth.pdf,0.85,already_single_case,False,Technology,,,,,,,,"Seats of Change
Evaluating a new airline seating strategy",single_file,Entire PDF treated as one case; case_type not extracted,
dcf2726c-3a70-45fc-a849-60e94555e431,RocketBlocks-Case-18-retail-m-and-a,RocketBlocks/RocketBlocks-Case-18-retail-m-and-a.pdf,RocketBlocks,rocketblocks,,1,18,18,cases/RocketBlocks/RocketBlocks-Case-18-retail-m-and-a/rocketblocks-case-18-retail-m-and-a.pdf,0.85,already_single_case,False,Technology,M&A,,,,,,,"Hammering Down the Deal
Home Depot targets a building supplier for 
acquisition",single_file,Entire PDF treated as one case,
d8c389c4-062d-4554-89e3-d2d910590fe2,Case #19 - Aloha from Alaska,RocketBlocks/RocketBlocks-case-19-airlines-m-and-a.pdf,RocketBlocks,rocketblocks,,1,18,18,cases/RocketBlocks/RocketBlocks-case-19-airlines-m-and-a/case-19-aloha-from-alaska.pdf,0.85,already_single_case,False,Technology,M&A,,,,,,,"Aloha from Alaska
Help Alaska Airlines get the most out of its merger 
with Hawaiian Airlines",single_file,Entire PDF treated as one case,
2607323f-1370-4aa2-84df-073694488e75,RocketBlocks-Case-2-profitability-entertainment,RocketBlocks/RocketBlocks-Case-2-profitability-entertainment.pdf,RocketBlocks,rocketblocks,,1,20,20,cases/RocketBlocks/RocketBlocks-Case-2-profitability-entertainment/rocketblocks-case-2-profitability-entertainment.pdf,0.85,already_single_case,False,Technology,,,,,,,,"Stella’s Stardom
What should the world’s most popular artist do 
next?",single_file,Entire PDF treated as one case; case_type not extracted,
099dd0f8-5f11-4094-af17-d8b5c25e4f79,RocketBlocks-Case-20-technology-market-entry,RocketBlocks/RocketBlocks-Case-20-technology-market-entry.pdf,RocketBlocks,rocketblocks,,1,16,16,cases/RocketBlocks/RocketBlocks-Case-20-technology-market-entry/rocketblocks-case-20-technology-market-entry.pdf,0.85,already_single_case,False,Technology,,,,,,,,"Simple phones, smart business?
Can Barbie help make “dumb” phones a smart 
business choice for HMD?",single_file,Entire PDF treated as one case; case_type not extracted,
b49607b8-5add-4267-b29a-29f5a3b79360,RocketBlocks-Case-22-retail-business-response,RocketBlocks/RocketBlocks-Case-22-retail-business-response.pdf,RocketBlocks,rocketblocks,,1,16,16,cases/RocketBlocks/RocketBlocks-Case-22-retail-business-response/rocketblocks-case-22-retail-business-response.pdf,0.85,already_single_case,False,Technology,,,,,,,,"Redemption of the Swoosh
Help Nike’s new CEO get the brand back on track",single_file,Entire PDF treated as one case; case_type not extracted,
ce8e5541-5440-4755-bedd-1b51e4c925bc,RocketBlocks-Case-23-market-entry-energy,RocketBlocks/RocketBlocks-Case-23-market-entry-energy.pdf,RocketBlocks,rocketblocks,,1,18,18,cases/RocketBlocks/RocketBlocks-Case-23-market-entry-energy/rocketblocks-case-23-market-entry-energy.pdf,0.85,already_single_case,False,Technology,,,,,,,,"Australian Gas Gamble
Should Woodside go through with a proposed 
mega project?",single_file,Entire PDF treated as one case; case_type not extracted,
04f6e7fc-80d0-4a49-b621-8807cee55182,RocketBlocks-Case-24-profitability-technology,RocketBlocks/RocketBlocks-Case-24-profitability-technology.pdf,RocketBlocks,rocketblocks,,1,18,18,cases/RocketBlocks/RocketBlocks-Case-24-profitability-technology/rocketblocks-case-24-profitability-technology.pdf,0.85,already_single_case,False,Technology,,,,,,,,"Driving for dollars
Uber’s self-driving opportunity in Austin, TX",single_file,Entire PDF treated as one case; case_type not extracted,
2c1c3692-da50-4c25-a137-dfcbbf973b0f,Case #25 - Slim chance in the pharma dance,RocketBlocks/RocketBlocks-case-25-market-entry-pharmaceuticals.pdf,RocketBlocks,rocketblocks,,1,18,18,cases/RocketBlocks/RocketBlocks-case-25-market-entry-pharmaceuticals/case-25-slim-chance-in-the-pharma-dance.pdf,0.85,already_single_case,False,Healthcare,Market Entry,,,,,,,"Slim chance in the pharma dance
Help MedEx launch the next generation of weight 
loss drugs",single_file,Entire PDF treated as one case,
61f542ff-c0ca-4078-a561-91ec9e404b7e,RocketBlocks Case #26 - MLB Blackouts,RocketBlocks/RocketBlocks-Case-26-growth-media.pdf,RocketBlocks,rocketblocks,,1,16,16,cases/RocketBlocks/RocketBlocks-Case-26-growth-media/rocketblocks-case-26-mlb-blackouts.pdf,0.85,already_single_case,False,Technology,,,,,,,,"Strike a deal but don’t strike out
Help Major League Baseball do right by fans and 
make more money",single_file,Entire PDF treated as one case; case_type not extracted,
98da5a17-3f13-4aa8-9258-a07af7453580,RocketBlocks-Case-28-competitive-response-food-delivery,RocketBlocks/RocketBlocks-Case-28-competitive-response-food-delivery.pdf,RocketBlocks,rocketblocks,,1,16,16,cases/RocketBlocks/RocketBlocks-Case-28-competitive-response-food-delivery/rocketblocks-case-28-competitive-response-food-delivery.pdf,0.85,already_single_case,False,Technology,,,,,,,,"Delivery Dilemma
Should Toast pick Uber Eats or Doordash?",single_file,Entire PDF treated as one case; case_type not extracted,
27bbcbc2-3f8d-4c10-9020-861a72a00c3e,RocketBlocks-Case-3-m-and-a-social-media,RocketBlocks/RocketBlocks-Case-3-m-and-a-social-media.pdf,RocketBlocks,rocketblocks,,1,16,16,cases/RocketBlocks/RocketBlocks-Case-3-m-and-a-social-media/rocketblocks-case-3-m-and-a-social-media.pdf,0.85,already_single_case,False,Technology,,,,,,,,"Buying the Bird
Should a manufacturing CEO get into social 
media?",single_file,Entire PDF treated as one case; case_type not extracted,
8240c833-635e-4ba9-836f-609bdc73f0e3,RocketBlocks-Case-30-growth-food-and-beverage,RocketBlocks/RocketBlocks-Case-30-growth-food-and-beverage.pdf,RocketBlocks,rocketblocks,,1,16,16,cases/RocketBlocks/RocketBlocks-Case-30-growth-food-and-beverage/rocketblocks-case-30-growth-food-and-beverage.pdf,0.85,already_single_case,False,Technology,Growth,,,,,,,"Crunch Time
Help Nestle’s new CEO get back to growth",single_file,Entire PDF treated as one case,
daf6f12f-7d47-4c4d-b3a8-bb122a1eeb9c,RocketBlocks-Case-31-media-market-entry,RocketBlocks/RocketBlocks-Case-31-media-market-entry.pdf,RocketBlocks,rocketblocks,,1,16,16,cases/RocketBlocks/RocketBlocks-Case-31-media-market-entry/rocketblocks-case-31-media-market-entry.pdf,0.85,already_single_case,False,Technology,,,,,,,,"Blockbuster Bluey
Help Disney make the most of a once-in-a-decade 
feature ﬁlm opportunity",single_file,Entire PDF treated as one case; case_type not extracted,
8395d47b-cc00-424f-bf51-d0dd5d0ac3b5,RocketBlocks-Case-32-market-entry-automotive,RocketBlocks/RocketBlocks-Case-32-market-entry-automotive.pdf,RocketBlocks,rocketblocks,,1,16,16,cases/RocketBlocks/RocketBlocks-Case-32-market-entry-automotive/rocketblocks-case-32-market-entry-automotive.pdf,0.85,already_single_case,False,Technology,Market Entry,,,,,,,"The dawn of lawn autonomy
Help John Deere launch autonomous 
lawnmowers in the US",single_file,Entire PDF treated as one case,
f01c51f5-7e97-41bd-897e-70711f9b1da7,Case #33 - Getty Merger,RocketBlocks/RocketBlocks-case-33-visual-content-m-and-a.pdf,RocketBlocks,rocketblocks,,1,18,18,cases/RocketBlocks/RocketBlocks-case-33-visual-content-m-and-a/case-33-getty-merger.pdf,0.85,already_single_case,False,Technology,M&A,,,,,,,"Photography fusion
How does a Getty Images and Shutterstock 
merger help the companies win in the AI era?",single_file,Entire PDF treated as one case,
f58f6e99-ec67-4dac-b6ae-b000b31597ec,RocketBlocks-Case-34-capital-one-discoverbank-m-and-a,RocketBlocks/RocketBlocks-Case-34-capital-one-discoverbank-m-and-a.pdf,RocketBlocks,rocketblocks,,1,17,17,cases/RocketBlocks/RocketBlocks-Case-34-capital-one-discoverbank-m-and-a/rocketblocks-case-34-capital-one-discoverbank-m-and-a.pdf,0.85,already_single_case,False,Technology,M&A,,,,,,,"Discover diligence
Should Capital One acquire Discover Card?",single_file,Entire PDF treated as one case,
6880ab9d-64f3-4d2f-b07a-b04d3223af41,RocketBlocks-Case-35-business-response-fast-food,RocketBlocks/RocketBlocks-Case-35-business-response-fast-food.pdf,RocketBlocks,rocketblocks,,1,18,18,cases/RocketBlocks/RocketBlocks-Case-35-business-response-fast-food/rocketblocks-case-35-business-response-fast-food.pdf,0.85,already_single_case,False,Technology,,,,,,,,"McDonalds meal deal
Should McDonalds extend their loss-leading meal 
deal to keep loyal customers?",single_file,Entire PDF treated as one case; case_type not extracted,
4c5068e0-01be-455d-aa2d-009c2a901bbe,RocketBlocks-Case-36-market-entry-payment-cards,RocketBlocks/RocketBlocks-Case-36-market-entry-payment-cards.pdf,RocketBlocks,rocketblocks,,1,19,19,cases/RocketBlocks/RocketBlocks-Case-36-market-entry-payment-cards/rocketblocks-case-36-market-entry-payment-cards.pdf,0.85,already_single_case,False,Technology,,,,,,,,Payment cards in DC,single_file,Entire PDF treated as one case; case_type not extracted,
236131fe-f5fe-4810-8405-386710f0d92c,RocketBlocks-Case-37-profitability-retail,RocketBlocks/RocketBlocks-Case-37-profitability-retail.pdf,RocketBlocks,rocketblocks,,1,17,17,cases/RocketBlocks/RocketBlocks-Case-37-profitability-retail/rocketblocks-case-37-profitability-retail.pdf,0.85,already_single_case,False,Technology,,,,,,,,Marathon Monday,single_file,Entire PDF treated as one case; case_type not extracted,
89f65191-7147-4aef-a9cb-15a58b0ad464,RocketBlocks-Case-38-profitability-automotive,RocketBlocks/RocketBlocks-Case-38-profitability-automotive.pdf,RocketBlocks,rocketblocks,,1,18,18,cases/RocketBlocks/RocketBlocks-Case-38-profitability-automotive/rocketblocks-case-38-profitability-automotive.pdf,0.85,already_single_case,False,Technology,Profitability,,,,,,,Margins in the sunshine state,single_file,Entire PDF treated as one case,
77ee72b5-a9e3-4eda-bb61-c9e4a92411f8,RocketBlocks-Case-39-profitability-consumer-internet,RocketBlocks/RocketBlocks-Case-39-profitability-consumer-internet.pdf,RocketBlocks,rocketblocks,,1,16,16,cases/RocketBlocks/RocketBlocks-Case-39-profitability-consumer-internet/rocketblocks-case-39-profitability-consumer-internet.pdf,0.85,already_single_case,False,Technology,,,,,,,,SEA Group proﬁtability,single_file,Entire PDF treated as one case; case_type not extracted,
e166d6d1-a9e3-4c7f-b297-4cdf1ade96a2,RocketBlocks-Case-4-competitive-response-hotel-tourism,RocketBlocks/RocketBlocks-Case-4-competitive-response-hotel-tourism.pdf,RocketBlocks,rocketblocks,,1,19,19,cases/RocketBlocks/RocketBlocks-Case-4-competitive-response-hotel-tourism/rocketblocks-case-4-competitive-response-hotel-tourism.pdf,0.85,already_single_case,False,Technology,,,,,,,,"Overnight Opportunity
How should major hotel company react to a 
sudden shift in the NYC hospitality market?",single_file,Entire PDF treated as one case; case_type not extracted,
aaefac02-1c58-4817-83c9-6d9aa471df36,RocketBlocks-Case-40-human-resources-construction,RocketBlocks/RocketBlocks-Case-40-human-resources-construction.pdf,RocketBlocks,rocketblocks,,1,18,18,cases/RocketBlocks/RocketBlocks-Case-40-human-resources-construction/rocketblocks-case-40-human-resources-construction.pdf,0.85,already_single_case,False,Technology,,,,,,,,Mind the (workforce) gap,single_file,Entire PDF treated as one case; case_type not extracted,
02ace5c7-f177-41ac-b624-969c149db864,RocketBlocks-Case-41-business-response-food-manufacturing,RocketBlocks/RocketBlocks-Case-41-business-response-food-manufacturing_01.pdf,RocketBlocks,rocketblocks,,1,18,18,cases/RocketBlocks/RocketBlocks-Case-41-business-response-food-manufacturing_01/rocketblocks-case-41-business-response-food-manufacturing.pdf,0.85,already_single_case,False,Technology,,,,,,,,Dye another day,single_file,Entire PDF treated as one case; case_type not extracted,
bf839a57-0f65-4b9d-a2c1-0c638e8f6eb3,RocketBlocks-Case-42-market-entry-restaurant,RocketBlocks/RocketBlocks-Case-42-market-entry-restaurant.pdf,RocketBlocks,rocketblocks,,1,21,21,cases/RocketBlocks/RocketBlocks-Case-42-market-entry-restaurant/rocketblocks-case-42-market-entry-restaurant.pdf,0.85,already_single_case,False,Technology,,,,,,,,We need to move fast,single_file,Entire PDF treated as one case; case_type not extracted,
ba9b5747-929e-42ef-a2cd-a47e1560c6a1,RocketBlocks-Case-43-market-sizing-air-travel,RocketBlocks/RocketBlocks-Case-43-market-sizing-air-travel.pdf,RocketBlocks,rocketblocks,,1,22,22,cases/RocketBlocks/RocketBlocks-Case-43-market-sizing-air-travel/rocketblocks-case-43-market-sizing-air-travel.pdf,0.85,already_single_case,False,Technology,Growth,,,,,,,"Sky-sharing, not ride-sharing",single_file,Entire PDF treated as one case,
826502db-940e-41df-b42b-6a93838387a7,RocketBlocks-Case-44-market-sizing-airport-rental,RocketBlocks/RocketBlocks-Case-44-market-sizing-airport-rental.pdf,RocketBlocks,rocketblocks,,1,21,21,cases/RocketBlocks/RocketBlocks-Case-44-market-sizing-airport-rental/rocketblocks-case-44-market-sizing-airport-rental.pdf,0.85,already_single_case,False,Technology,Pricing,,,,,,,Pick me up?,single_file,Entire PDF treated as one case,
84306c0d-b61d-472c-990e-e453c7201411,RocketBlocks-Case-45-competitive-response-manufacturing,RocketBlocks/RocketBlocks-Case-45-competitive-response-manufacturing.pdf,RocketBlocks,rocketblocks,,1,24,24,cases/RocketBlocks/RocketBlocks-Case-45-competitive-response-manufacturing/rocketblocks-case-45-competitive-response-manufacturing.pdf,0.85,already_single_case,False,Technology,,,,,,,,A self driving disruption,single_file,Entire PDF treated as one case; case_type not extracted,
eabf07ad-cd94-4ca4-bfb3-a17c010361db,Case #46 - To pay or not to pay?,RocketBlocks/RocketBlocks-Case-46-competitive-response-technology.pdf,RocketBlocks,rocketblocks,,1,20,20,cases/RocketBlocks/RocketBlocks-Case-46-competitive-response-technology/case-46-to-pay-or-not-to-pay.pdf,0.85,already_single_case,False,Technology,Investment,,,,,,,To pay or not to pay?,single_file,Entire PDF treated as one case,
ba9c80a8-a21f-4a81-8f58-49fea20f841b,RocketBlocks-Case-47-market-entry-dental-insurance,RocketBlocks/RocketBlocks-Case-47-market-entry-dental-insurance.pdf,RocketBlocks,rocketblocks,,1,21,21,cases/RocketBlocks/RocketBlocks-Case-47-market-entry-dental-insurance/rocketblocks-case-47-market-entry-dental-insurance.pdf,0.85,already_single_case,False,Technology,Market Entry,,,,,,,A real mouthful,single_file,Entire PDF treated as one case,
c5b7f645-1764-48fd-829d-9068c68e706e,Case #48 - Captain Crunch,RocketBlocks/RocketBlocks-Case-48-competitive-response-healthcare-financing.pdf,RocketBlocks,rocketblocks,,1,21,21,cases/RocketBlocks/RocketBlocks-Case-48-competitive-response-healthcare-financing/case-48-captain-crunch.pdf,0.85,already_single_case,False,Technology,,,,,,,,Captain Crunch,single_file,Entire PDF treated as one case; case_type not extracted,
0bc7f2b0-0561-4e97-8a65-fe2faec160bc,RocketBlocks-Case-49-operations-consumer-packaged-goods,RocketBlocks/RocketBlocks-Case-49-operations-consumer-packaged-goods.pdf,RocketBlocks,rocketblocks,,1,21,21,cases/RocketBlocks/RocketBlocks-Case-49-operations-consumer-packaged-goods/rocketblocks-case-49-operations-consumer-packaged-goods.pdf,0.85,already_single_case,False,Technology,,,,,,,,Sweet opportunity,single_file,Entire PDF treated as one case; case_type not extracted,
2ff1f6b3-aa9e-4a24-b345-6ea73808dc7c,RocketBlocks-Case-5-profitability-prescription-drugs-pharmaceutical,RocketBlocks/RocketBlocks-Case-5-profitability-pharmaceutical.pdf,RocketBlocks,rocketblocks,,1,20,20,cases/RocketBlocks/RocketBlocks-Case-5-profitability-pharmaceutical/rocketblocks-case-5-profitability-prescription-drugs.pdf,0.85,already_single_case,False,Technology,,,,,,,,"Retail Rumble
Helping a retail pharmacy chain 
survive extreme headwinds",single_file,Entire PDF treated as one case; case_type not extracted,
96cecc38-239e-4939-b779-7a5bb1aa2cf4,RocketBlocks-Case-50-operations-manufacturing,RocketBlocks/RocketBlocks-Case-50-operations-manufacturing.pdf,RocketBlocks,rocketblocks,,1,20,20,cases/RocketBlocks/RocketBlocks-Case-50-operations-manufacturing/rocketblocks-case-50-operations-manufacturing.pdf,0.85,already_single_case,False,Technology,,,,,,,,The colorful proﬁts,single_file,Entire PDF treated as one case; case_type not extracted,
457ae4d8-4983-4eed-9148-fdc6f19831e7,Case #51 - Hot seat at Chili's,RocketBlocks/RocketBlocks-Case-51-profitability-restaurant-chain.pdf,RocketBlocks,rocketblocks,,1,16,16,cases/RocketBlocks/RocketBlocks-Case-51-profitability-restaurant-chain/case-51-hot-seat-at-chili-s.pdf,0.85,already_single_case,False,Technology,Growth,,,,,,,Hot seat at Chili’s,single_file,Entire PDF treated as one case,
9a5d457e-bd18-48e0-b6ae-a4510720fb5d,Case #52 - Tariff terror,RocketBlocks/RocketBlocks-Case-52-pricing-tariff.pdf,RocketBlocks,rocketblocks,,1,18,18,cases/RocketBlocks/RocketBlocks-Case-52-pricing-tariff/case-52-tariff-terror.pdf,0.85,already_single_case,False,Technology,,,,,,,,Tariff terror,single_file,Entire PDF treated as one case; case_type not extracted,
8a8ff7b2-f708-447a-9392-721447c585f2,RocketBlocks-Case-53-growth-food-and-beverage,RocketBlocks/RocketBlocks-Case-53-growth-food-and-beverage.pdf,RocketBlocks,rocketblocks,,1,17,17,cases/RocketBlocks/RocketBlocks-Case-53-growth-food-and-beverage/rocketblocks-case-53-growth-food-and-beverage.pdf,0.85,already_single_case,False,Technology,Growth,,,,,,,Mary Mac’s,single_file,Entire PDF treated as one case,
594183a1-9856-4d51-9dbd-f295a44df90f,RocketBlocks-Case-54-competitive-response-delivery,RocketBlocks/RocketBlocks-Case-54-competitive-response-delivery.pdf,RocketBlocks,rocketblocks,,1,17,17,cases/RocketBlocks/RocketBlocks-Case-54-competitive-response-delivery/rocketblocks-case-54-competitive-response-delivery.pdf,0.85,already_single_case,False,Technology,,,,,,,,Prime risk,single_file,Entire PDF treated as one case; case_type not extracted,
1968e895-4b43-42dc-a853-6a03bb2d0227,RocketBlocks-Case-55-growth-consumer-packaged-goods-coca-cola,RocketBlocks/RocketBlocks-Case-55-growth-consumer-packaged-goods-coca-cola.pdf,RocketBlocks,rocketblocks,,1,22,22,cases/RocketBlocks/RocketBlocks-Case-55-growth-consumer-packaged-goods-coca-cola/rocketblocks-case-55-growth-consumer-packaged-goods-coca.pdf,0.85,already_single_case,False,Technology,Market Entry,,,,,,,Shaking up Coca-Cola,single_file,Entire PDF treated as one case,
a8e6fafb-97ec-4856-a7e0-f7755325ac1e,RocketBlocks Case 56 - Grab,RocketBlocks/RocketBlocks-case-56-growth-grocery-delivery.pdf,RocketBlocks,rocketblocks,,1,18,18,cases/RocketBlocks/RocketBlocks-case-56-growth-grocery-delivery/rocketblocks-case-56-grab.pdf,0.85,already_single_case,False,Technology,Market Entry,,,,,,,Grab and go,single_file,Entire PDF treated as one case,
16788af3-785c-4729-8636-a76659ace46d,RocketBlocks-Case-57-operations-battery-manufacturing,RocketBlocks/RocketBlocks-Case-57-operations-battery-manufacturing.pdf,RocketBlocks,rocketblocks,,1,21,21,cases/RocketBlocks/RocketBlocks-Case-57-operations-battery-manufacturing/rocketblocks-case-57-operations-battery-manufacturing.pdf,0.85,already_single_case,False,Technology,Investment,,,,,,,Power play,single_file,Entire PDF treated as one case,
e848a802-29e3-4afa-b0bb-75b3d20655d0,RocketBlocks-Case-58-strategy-public-sector,RocketBlocks/RocketBlocks-Case-58-strategy-public-sector.pdf,RocketBlocks,rocketblocks,,1,20,20,cases/RocketBlocks/RocketBlocks-Case-58-strategy-public-sector/rocketblocks-case-58-strategy-public-sector.pdf,0.85,already_single_case,False,Technology,,,,,,,,Wage wars,single_file,Entire PDF treated as one case; case_type not extracted,
50bd45bd-5682-413c-b57c-ce9dbff3b78d,RocketBlocks-Case-59-growth-digital-financial-services,RocketBlocks/RocketBlocks-Case-59-growth-digital-financial-services.pdf,RocketBlocks,rocketblocks,,1,17,17,cases/RocketBlocks/RocketBlocks-Case-59-growth-digital-financial-services/rocketblocks-case-59-growth-digital-financial-services.pdf,0.85,already_single_case,False,Technology,Growth,,,,,,,Digital banking doldrums,single_file,Entire PDF treated as one case,
10cae85e-1d93-4ccd-8011-d074b079bb99,RocketBlocks Case #6 - Remote Reckoning,RocketBlocks/RocketBlocks-case-6-operations-technology-company.pdf,RocketBlocks,rocketblocks,,1,20,20,cases/RocketBlocks/RocketBlocks-case-6-operations-technology-company/rocketblocks-case-6-remote-reckoning.pdf,0.85,already_single_case,False,Technology,,,,,,,,"Remote Reckoning
A ﬁntech company evaluates return to work 
options for a largely distributed team",single_file,Entire PDF treated as one case; case_type not extracted,
fd2bd36f-033a-4c58-b586-8783eec416a0,RocketBlocks-Case-60-m-and-a-AI-semiconductors,RocketBlocks/RocketBlocks-Case-60-m-and-a-AI-semiconductors.pdf,RocketBlocks,rocketblocks,,1,20,20,cases/RocketBlocks/RocketBlocks-Case-60-m-and-a-AI-semiconductors/rocketblocks-case-60-m-and-a-ai-semiconductors.pdf,0.85,already_single_case,False,Technology,Investment,,,,,,,Chips on the table,single_file,Entire PDF treated as one case,
663ed7ba-d678-4a83-ad0f-0e73dff4ac49,RocketBlocks-Case-61-,RocketBlocks/RocketBlocks-case-61-growth-healthcare.pdf,RocketBlocks,rocketblocks,,1,19,19,cases/RocketBlocks/RocketBlocks-case-61-growth-healthcare/rocketblocks-case-61.pdf,0.85,already_single_case,False,Technology,,,,,,,,Care beyond the clinic,single_file,Entire PDF treated as one case; case_type not extracted,
b735686c-4136-4a26-bf1e-d9ffae2043aa,RocketBlocks-Case-62-,RocketBlocks/RocketBlocks-Case-62-market-entry-rail-transportation.pdf,RocketBlocks,rocketblocks,,1,19,19,cases/RocketBlocks/RocketBlocks-Case-62-market-entry-rail-transportation/rocketblocks-case-62.pdf,0.85,already_single_case,False,Technology,,,,,,,,Track to the future,single_file,Entire PDF treated as one case; case_type not extracted,
b7e93359-2a84-4fe0-b8e1-65056acd99a3,RocketBlocks-Case-63-,RocketBlocks/RocketBlocks-Case-63-growth-strava.pdf,RocketBlocks,rocketblocks,,1,21,21,cases/RocketBlocks/RocketBlocks-Case-63-growth-strava/rocketblocks-case-63.pdf,0.85,already_single_case,False,Technology,,,,,,,,Pacing proﬁts,single_file,Entire PDF treated as one case; case_type not extracted,
b3259cee-89b3-47e4-addf-126276808284,RocketBlocks-Case-64-,RocketBlocks/RocketBlocks-Case-64-pricing-hotel.pdf,RocketBlocks,rocketblocks,,1,21,21,cases/RocketBlocks/RocketBlocks-Case-64-pricing-hotel/rocketblocks-case-64.pdf,0.85,already_single_case,False,Technology,,,,,,,,Hotel hangup,single_file,Entire PDF treated as one case; case_type not extracted,
769bc45b-cb0e-4c25-ba44-42f042b9cbce,RocketBlocks-Case-65-strategy-airline-carrier,RocketBlocks/RocketBlocks-Case-65-strategy-airline-carrier.pdf,RocketBlocks,rocketblocks,,1,17,17,cases/RocketBlocks/RocketBlocks-Case-65-strategy-airline-carrier/rocketblocks-case-65-strategy-airline-carrier.pdf,0.85,already_single_case,False,Technology,,,,,,,,Turbulence at Skyjet,single_file,Entire PDF treated as one case; case_type not extracted,
a3124174-4f58-48db-9f1a-01e220c6fc1f,RocketBlocks-Case-66-profitability-commerical-seaport,RocketBlocks/RocketBlocks-Case-66-profitability-commerical-seaport.pdf,RocketBlocks,rocketblocks,,1,18,18,cases/RocketBlocks/RocketBlocks-Case-66-profitability-commerical-seaport/rocketblocks-case-66-profitability-commerical-seaport.pdf,0.85,already_single_case,False,Technology,Profitability,,,,,,,Shipwrecked margins,single_file,Entire PDF treated as one case,
72fe16ac-98b0-4cc8-b286-6ab8c652c15b,RocketBlocks-Case-67-operations-AI-healthcare,RocketBlocks/RocketBlocks-Case-67-operations-AI-healthcare.pdf,RocketBlocks,rocketblocks,,1,19,19,cases/RocketBlocks/RocketBlocks-Case-67-operations-AI-healthcare/rocketblocks-case-67-operations-ai-healthcare.pdf,0.85,already_single_case,False,Technology,,,,,,,,Robots in radiology,single_file,Entire PDF treated as one case; case_type not extracted,
fb2e2164-8b38-4b0d-a805-0a4ae6b22d15,RocketBlocks-Case-68-growth-brewery,RocketBlocks/RocketBlocks-Case-68-growth-brewery.pdf,RocketBlocks,rocketblocks,,1,18,18,cases/RocketBlocks/RocketBlocks-Case-68-growth-brewery/rocketblocks-case-68-growth-brewery.pdf,0.85,already_single_case,False,Technology,,,,,,,,Last call,single_file,Entire PDF treated as one case; case_type not extracted,
ff16193c-5e65-4f60-a9fc-9bf94d4e9bb5,RocketBlocks-Case-69-strategy-energy-subsidy,RocketBlocks/RocketBlocks-Case-69-strategy-energy-subsidy.pdf,RocketBlocks,rocketblocks,,1,20,20,cases/RocketBlocks/RocketBlocks-Case-69-strategy-energy-subsidy/rocketblocks-case-69-strategy-energy-subsidy.pdf,0.85,already_single_case,False,Technology,,,,,,,,Power shift,single_file,Entire PDF treated as one case; case_type not extracted,
d4bdcc4e-45de-453e-89e0-638b5f53363d,RocketBlocks-Case-7-market-entry-retail,RocketBlocks/RocketBlocks-Case-7-market-entry-retail.pdf,RocketBlocks,rocketblocks,,1,20,20,cases/RocketBlocks/RocketBlocks-Case-7-market-entry-retail/rocketblocks-case-7-market-entry-retail.pdf,0.85,already_single_case,False,Technology,,,,,,,,"Main Street Decision
Help a friend decide between an ice cream 
store or a bookstore for her new business",single_file,Entire PDF treated as one case; case_type not extracted,
aa40e3e7-9650-46c5-8c32-8f248d044512,RocketBlocks-Case-70-m-and-a-streaming-media,RocketBlocks/RocketBlocks-Case-70-m-and-a-streaming-media.pdf,RocketBlocks,rocketblocks,,1,22,22,cases/RocketBlocks/RocketBlocks-Case-70-m-and-a-streaming-media/rocketblocks-case-70-m-and-a-streaming-media.pdf,0.85,already_single_case,False,Technology,,,,,,,,Streaming wars,single_file,Entire PDF treated as one case; case_type not extracted,
581e6d04-3736-49b2-8b11-a4ecb62b107b,RocketBlocks-Case-8-market-entry-construction,RocketBlocks/RocketBlocks-Case-8-market-entry-construction.pdf,RocketBlocks,rocketblocks,,1,20,20,cases/RocketBlocks/RocketBlocks-Case-8-market-entry-construction/rocketblocks-case-8-market-entry-construction.pdf,0.85,already_single_case,False,Technology,Growth,,,,,,,"Nailing the Market 
A two-sided home construction marketplace 
chooses a customer segment for growth",single_file,Entire PDF treated as one case,
58b30bb3-e9b8-4e5f-b20e-1f089dd5a3f5,RocketBlocks Case #9 - Driving Against the Current,RocketBlocks/RocketBlocks-Case-9-competitive-response-automotive-manufacturing.pdf,RocketBlocks,rocketblocks,,1,19,19,cases/RocketBlocks/RocketBlocks-Case-9-competitive-response-automotive-manufacturing/rocketblocks-case-9-driving-against-the-current.pdf,0.85,already_single_case,False,Technology,,,,,,,,"Driving Against the Current
General Motors strategy in a changing 
landscape",single_file,Entire PDF treated as one case; case_type not extracted,
c86e5f8b-65f6-4941-a944-9344c45a6208,Army Hotel,Yale/Booth 2021.pdf,Yale,yale,2021,114,117,4,cases/Yale/Booth 2021/army-hotel.pdf,1.0,manual_override_booth_2021,False,Financial Services,Profitability,,,,,"Revenue
Interviewer Guidance: Revenue
Interviewer Guidance: Pricing Strategy
Question: Pricing Strategy

Case #1: Army Hotel (4/5)
Having addressed the revenue side lets talk about costs.  What are the costs 
associated with operating a hotel?
If the candidate has not yet touched upon initial invest",Army Hotel,,manual_ground_truth_index,Ground-truth TOC with Breast Cancer Surgery start corrected to p118.,
8e49435d-6fb3-4216-8e07-175fefa27de8,Breast Cancer Surgery,Yale/Booth 2021.pdf,Yale,yale,2021,118,121,4,cases/Yale/Booth 2021/breast-cancer-surgery.pdf,1.0,manual_override_booth_2021,False,Healthcare,Pricing,LIGHT,,,,"Interviewer Guidance
Case Development
Case Evaluation
Client Type
Industry
Case Type
S       O      A      R
1
2
1
2
1
2
1
2
Fit Evaluation
Overall Fit Performance
1. Framework
2. Analysis of Market potential
3. Analysis of Revenue potential
4. Final recommendation
Case #2: Breast Cancer Surgery (1/",Breast Cancer Surgery,,manual_ground_truth_index,Ground-truth TOC with Breast Cancer Surgery start corrected to p118.,
9683f756-0f0e-4091-8d1c-aefaa3cc1118,Burger Palace,Yale/Booth 2021.pdf,Yale,yale,2021,125,127,3,cases/Yale/Booth 2021/burger-palace.pdf,1.0,manual_override_booth_2021,False,,Profitability,,,,,,Burger Palace,,manual_ground_truth_index,Ground-truth TOC with Breast Cancer Surgery start corrected to p118.; industry not extracted,
8fb17fe5-ee77-408e-88ae-3b1a22317d6c,Chicken Pox Vaccine,Yale/Booth 2021.pdf,Yale,yale,2021,129,133,5,cases/Yale/Booth 2021/chicken-pox-vaccine.pdf,1.0,manual_override_booth_2021,False,Healthcare,Pricing,,,,,,Chicken Pox Vaccine,,manual_ground_truth_index,Ground-truth TOC with Breast Cancer Surgery start corrected to p118.,
5d473266-f259-409d-a6a9-528e4829a604,Cleaning Products,Yale/Booth 2021.pdf,Yale,yale,2021,135,138,4,cases/Yale/Booth 2021/cleaning-products.pdf,1.0,manual_override_booth_2021,False,,Growth,,,,,"± The client has told us that they will be happy with a 1% increase in revenues.  Should they go ahead with the price change?
 The candidate should calculate current revenue and revenue after price change from table (i.e. the candidate should come up with the two rightmost 
columns in the table bel",Cleaning Products,,manual_ground_truth_index,Ground-truth TOC with Breast Cancer Surgery start corrected to p118.; industry not extracted,
6cf484a1-b193-44e5-a043-1aadde575720,Coffee and Tea Apparel,Yale/Booth 2021.pdf,Yale,yale,2021,140,145,6,cases/Yale/Booth 2021/coffee-and-tea-apparel.pdf,1.0,manual_override_booth_2021,False,Retail / CPG,M&A,,,,,,Coffee and Tea Apparel,,manual_ground_truth_index,Ground-truth TOC with Breast Cancer Surgery start corrected to p118.,
302bb846-9a49-4c4f-bb44-0b6e572c482d,Commercial Vehicle OEM in China,Yale/Booth 2021.pdf,Yale,yale,2021,148,150,3,cases/Yale/Booth 2021/commercial-vehicle-oem-in-china.pdf,1.0,manual_override_booth_2021,False,Technology,Growth,,,,,"Capabilities
Interviewer Guidance: Capabilities
Interviewer Guidance: China Entry
Question: China Entry

Case #7: Commercial Vehicle OEM in China (4/5)
Interview Guidance
At this point, the interviewer will direct the candidate to explore in greater depth 
the issue of “lack of local market knowledg",Commercial Vehicle OEM in China,,manual_ground_truth_index,Ground-truth TOC with Breast Cancer Surgery start corrected to p118.,
aedc5e2c-ca08-4392-a9c7-0bf258259aee,Consumer Products Strategy,Yale/Booth 2021.pdf,Yale,yale,2021,152,156,5,cases/Yale/Booth 2021/consumer-products-strategy.pdf,1.0,manual_override_booth_2021,False,Retail / CPG,Growth,,,,,,Consumer Products Strategy,,manual_ground_truth_index,Ground-truth TOC with Breast Cancer Surgery start corrected to p118.,
172f800c-5fa9-4468-94a4-91048ece91f1,Contact Lenses,Yale/Booth 2021.pdf,Yale,yale,2021,158,165,8,cases/Yale/Booth 2021/contact-lenses.pdf,1.0,manual_override_booth_2021,False,,Profitability,,,,,,Contact Lenses,,manual_ground_truth_index,Ground-truth TOC with Breast Cancer Surgery start corrected to p118.; industry not extracted,
1229fbcf-b18c-4c99-a9ff-82ea02c291b7,Deepwater Inc.,Yale/Booth 2021.pdf,Yale,yale,2021,167,170,4,cases/Yale/Booth 2021/deepwater-inc.pdf,1.0,manual_override_booth_2021,False,Energy,Profitability,,,,,,Deepwater Inc.,,manual_ground_truth_index,Ground-truth TOC with Breast Cancer Surgery start corrected to p118.,
63e7557c-ccf8-41e6-9428-f25b67ef9839,Electric Utility,Yale/Booth 2021.pdf,Yale,yale,2021,173,175,3,cases/Yale/Booth 2021/electric-utility.pdf,1.0,manual_override_booth_2021,False,Energy,Operations,,,,,,Electric Utility,,manual_ground_truth_index,Ground-truth TOC with Breast Cancer Surgery start corrected to p118.,
89b52600-1fb6-4847-90a2-6d20e803269c,Elena's Electronics,Yale/Booth 2021.pdf,Yale,yale,2021,176,181,6,cases/Yale/Booth 2021/elena-s-electronics.pdf,1.0,manual_override_booth_2021,False,Retail / CPG,Growth,HEAVY,,,,"Interviewer Guidance
Case Development
Case Evaluation
Client Type
Industry
Case Type
S       O      A      R
1
2
1
2
1
2
1
2
Fit Evaluation
Overall Fit Performance
1. Framework
2. Analysis of store revenues
Case #12: Elena’s Electronics (1/ϲ)
UNDISCLOSED – Round 1 – Candidate Led
1.
Tell me somethin",Elena's Electronics,,manual_ground_truth_index,Ground-truth TOC with Breast Cancer Surgery start corrected to p118.,
186b96b6-54da-48d6-b50d-1da887849170,Finance Co,Yale/Booth 2021.pdf,Yale,yale,2021,183,187,5,cases/Yale/Booth 2021/finance-co.pdf,1.0,manual_override_booth_2021,False,,Growth,,,,,,Finance Co,,manual_ground_truth_index,Ground-truth TOC with Breast Cancer Surgery start corrected to p118.; industry not extracted,
3fc8daf7-ade9-4ef8-abf5-c872408e3b92,French Beauty Co,Yale/Booth 2021.pdf,Yale,yale,2021,189,193,5,cases/Yale/Booth 2021/french-beauty-co.pdf,1.0,manual_override_booth_2021,False,Retail / CPG,Profitability,,,,,,French Beauty Co,,manual_ground_truth_index,Ground-truth TOC with Breast Cancer Surgery start corrected to p118.,
d2c45dae-8f2f-47cd-a424-7d26ace9ca59,German Telecom,Yale/Booth 2021.pdf,Yale,yale,2021,195,198,4,cases/Yale/Booth 2021/german-telecom.pdf,1.0,manual_override_booth_2021,False,Technology,Growth,,,,,,German Telecom,,manual_ground_truth_index,Ground-truth TOC with Breast Cancer Surgery start corrected to p118.,
70a80280-c714-44ce-a293-4ccf75c779e3,Green Co,Yale/Booth 2021.pdf,Yale,yale,2021,200,204,5,cases/Yale/Booth 2021/green-co.pdf,1.0,manual_override_booth_2021,False,Technology,Investment,,,,,,Green Co,,manual_ground_truth_index,Ground-truth TOC with Breast Cancer Surgery start corrected to p118.,
604e54ec-294a-4f5e-9db9-fb508daa0bdf,GreenShield Health Insurance,Yale/Booth 2021.pdf,Yale,yale,2021,206,210,5,cases/Yale/Booth 2021/greenshield-health-insurance.pdf,1.0,manual_override_booth_2021,False,Healthcare,Profitability,,,,,,GreenShield Health Insurance,,manual_ground_truth_index,Ground-truth TOC with Breast Cancer Surgery start corrected to p118.,
a88e930e-8fe6-42ba-a2a9-240005f5e315,Hawaiian Smoothies,Yale/Booth 2021.pdf,Yale,yale,2021,212,215,4,cases/Yale/Booth 2021/hawaiian-smoothies.pdf,1.0,manual_override_booth_2021,False,Retail / CPG,Profitability,,,,,,Hawaiian Smoothies,,manual_ground_truth_index,Ground-truth TOC with Breast Cancer Surgery start corrected to p118.,
d4a3131b-fa1a-421b-b6c0-657e0d2e7efe,Heavy Attrition,Yale/Booth 2021.pdf,Yale,yale,2021,217,219,3,cases/Yale/Booth 2021/heavy-attrition.pdf,1.0,manual_override_booth_2021,False,Financial Services,M&A,,,,,,Heavy Attrition,,manual_ground_truth_index,Ground-truth TOC with Breast Cancer Surgery start corrected to p118.,
06bd67a0-71fb-4955-b3f5-075e4d90c73c,International Airlines,Yale/Booth 2021.pdf,Yale,yale,2021,221,225,5,cases/Yale/Booth 2021/international-airlines.pdf,1.0,manual_override_booth_2021,False,Technology,Investment,,,,,,International Airlines,,manual_ground_truth_index,Ground-truth TOC with Breast Cancer Surgery start corrected to p118.,
27967610-2336-4bf8-8b2c-5355bd16189f,Katrina,Yale/Booth 2021.pdf,Yale,yale,2021,227,229,3,cases/Yale/Booth 2021/katrina.pdf,1.0,manual_override_booth_2021,False,,M&A,,,,,,Katrina,,manual_ground_truth_index,Ground-truth TOC with Breast Cancer Surgery start corrected to p118.; industry not extracted,
ecb22649-6a34-40a1-946d-9bb9d63ede63,Linda's Great Burgers,Yale/Booth 2021.pdf,Yale,yale,2021,230,234,5,cases/Yale/Booth 2021/linda-s-great-burgers.pdf,1.0,manual_override_booth_2021,False,Financial Services,M&A,LIGHT,,,Interviewer-led,"Interviewer Guidance
Case Development
Case Evaluation
Client Type
Industry
Case Type
S       O      A      R
1
2
1
2
1
2
1
2
Fit Evaluation
Overall Fit Performance
1. Framework
2. Exhibit 1 & Synergy Calculation
3. Growth Calculation
4. Synthesis
Case #22: Linda’s Great Burgers (1/ϱ)
MCKINSEY & CO –",Linda's Great Burgers,,manual_ground_truth_index,Ground-truth TOC with Breast Cancer Surgery start corrected to p118.,
c0ae6740-1a8c-42b4-99cd-71030c9b50ce,Lola Lo's Zoo,Yale/Booth 2021.pdf,Yale,yale,2021,236,240,5,cases/Yale/Booth 2021/lola-lo-s-zoo.pdf,1.0,manual_override_booth_2021,False,Industrials,Investment,,,,,"of whether Lola Lo should purchase the dinosaur. 
± It’s less important for the hypothesis to be backed up with evidence, 
since it’s so early in the case ;though strong candidates will draw on 
their own knowledge and intuitions to develop preliminary insights 
about the potential for this new exhi",Lola Lo's Zoo,,manual_ground_truth_index,Ground-truth TOC with Breast Cancer Surgery start corrected to p118.,
5403fa66-b9bd-433d-88b1-c375a8b20ea0,Lost Patent,Yale/Booth 2021.pdf,Yale,yale,2021,242,244,3,cases/Yale/Booth 2021/lost-patent.pdf,1.0,manual_override_booth_2021,False,Healthcare,Growth,,,,,,Lost Patent,,manual_ground_truth_index,Ground-truth TOC with Breast Cancer Surgery start corrected to p118.,
3168da17-e56b-4096-9011-ef364d71b44e,Midwest Machinery Co.,Yale/Booth 2021.pdf,Yale,yale,2021,246,250,5,cases/Yale/Booth 2021/midwest-machinery-co.pdf,1.0,manual_override_booth_2021,False,Financial Services,Operations,,,,,,Midwest Machinery Co.,,manual_ground_truth_index,Ground-truth TOC with Breast Cancer Surgery start corrected to p118.,
8cda2c16-debc-4efd-a069-90103bc71457,New Vaccine,Yale/Booth 2021.pdf,Yale,yale,2021,252,256,5,cases/Yale/Booth 2021/new-vaccine.pdf,1.0,manual_override_booth_2021,False,Healthcare,Pricing,,,,,,New Vaccine,,manual_ground_truth_index,Ground-truth TOC with Breast Cancer Surgery start corrected to p118.,
d84c24f5-d2bc-4938-8aa5-38c0f1ebf503,Payments Company,Yale/Booth 2021.pdf,Yale,yale,2021,258,262,5,cases/Yale/Booth 2021/payments-company.pdf,1.0,manual_override_booth_2021,False,Technology,Growth,,,,,,Payments Company,,manual_ground_truth_index,Ground-truth TOC with Breast Cancer Surgery start corrected to p118.,
95d12311-5545-4513-9453-46790492cda3,Pharmaceutical Rare Disease,Yale/Booth 2021.pdf,Yale,yale,2021,264,267,4,cases/Yale/Booth 2021/pharmaceutical-rare-disease.pdf,1.0,manual_override_booth_2021,False,Healthcare,Market Entry,,,,,,Pharmaceutical Rare Disease,,manual_ground_truth_index,Ground-truth TOC with Breast Cancer Surgery start corrected to p118.,
0a631b1f-d06e-4272-a212-ceb68346183f,Project Gargoyle,Yale/Booth 2021.pdf,Yale,yale,2021,269,276,8,cases/Yale/Booth 2021/project-gargoyle.pdf,1.0,manual_override_booth_2021,False,Retail / CPG,Profitability,,,,,,Project Gargoyle,,manual_ground_truth_index,Ground-truth TOC with Breast Cancer Surgery start corrected to p118.,
0fab21c0-5394-45d4-8019-9236afa2983d,PyeongChang Winter Olympics,Yale/Booth 2021.pdf,Yale,yale,2021,278,280,3,cases/Yale/Booth 2021/pyeongchang-winter-olympics.pdf,1.0,manual_override_booth_2021,False,Technology,Profitability,,,,,,PyeongChang Winter Olympics,,manual_ground_truth_index,Ground-truth TOC with Breast Cancer Surgery start corrected to p118.,
a6e2f3e4-b65e-4de5-ab30-cf39e138560f,Quahog Public Schools,Yale/Booth 2021.pdf,Yale,yale,2021,282,285,4,cases/Yale/Booth 2021/quahog-public-schools.pdf,1.0,manual_override_booth_2021,False,Technology,,,,,,"Shortage:
Total shortage = 8,000 books
Math shortage= 60% * 8,000 = 4,800
Science shortage = 40%*8,000 = 3,200
Benefit:
Amazon partnership = 70%*4,800 = 3,360
Coordinated sharing = 20%*3,200 = 640
Total benefit = 4,000 books
Note: a strong candidate will do the following: 
 Spot the pattern in perc",Quahog Public Schools,,manual_ground_truth_index,Ground-truth TOC with Breast Cancer Surgery start corrected to p118.; case_type not extracted,
47ecaf67-29e0-4f6d-8180-a4d69a07ec35,Retirement Apartment Complexes,Yale/Booth 2021.pdf,Yale,yale,2021,287,291,5,cases/Yale/Booth 2021/retirement-apartment-complexes.pdf,1.0,manual_override_booth_2021,False,Healthcare,Profitability,,,,,,Retirement Apartment Complexes,,manual_ground_truth_index,Ground-truth TOC with Breast Cancer Surgery start corrected to p118.,
b3c5fd48-9dd9-42c1-8be5-39eed2ce2d33,Skylight Goods,Yale/Booth 2021.pdf,Yale,yale,2021,294,301,8,cases/Yale/Booth 2021/skylight-goods.pdf,1.0,manual_override_booth_2021,False,,Profitability,,,,,,Skylight Goods,,manual_ground_truth_index,Ground-truth TOC with Breast Cancer Surgery start corrected to p118.; industry not extracted,
21fecf91-d9c0-40c4-95ab-7d6406796854,Smart Cards,Yale/Booth 2021.pdf,Yale,yale,2021,303,307,5,cases/Yale/Booth 2021/smart-cards.pdf,1.0,manual_override_booth_2021,False,Technology,Profitability,,,,,,Smart Cards,,manual_ground_truth_index,Ground-truth TOC with Breast Cancer Surgery start corrected to p118.,
f035c26f-aae5-47ce-bb6b-c51a48e996fc,Student Health Insurance,Yale/Booth 2021.pdf,Yale,yale,2021,309,318,10,cases/Yale/Booth 2021/student-health-insurance.pdf,1.0,manual_override_booth_2021,False,Healthcare,Profitability,,,,,"Continued
The client’s operating margins have declined significantly in the face of aggressive competition and shrinking higher education budgets. Additionally, health 
care reform presents a potential risk for future growth and profitability ʹ notably, students age 26 and under can remain on their",Student Health Insurance,,manual_ground_truth_index,Ground-truth TOC with Breast Cancer Surgery start corrected to p118.,
61cf1f56-382d-46c1-942a-e11fc10672bf,Super Jr. Baby Formula,Yale/Booth 2021.pdf,Yale,yale,2021,321,328,8,cases/Yale/Booth 2021/super-jr-baby-formula.pdf,1.0,manual_override_booth_2021,False,,Profitability,,,,,,Super Jr. Baby Formula,,manual_ground_truth_index,Ground-truth TOC with Breast Cancer Surgery start corrected to p118.; industry not extracted,
768fb1e4-fa3e-4cbb-83f8-6e3c40e20742,Apache Helicopter,Yale/Booth 2021.pdf,Yale,yale,2021,330,335,6,cases/Yale/Booth 2021/apache-helicopter.pdf,1.0,manual_override_booth_2021,False,Technology,Operations,,,,,,Apache Helicopter,,manual_ground_truth_index,Ground-truth TOC with Breast Cancer Surgery start corrected to p118.,
74cc743b-ad7b-4425-865d-ff9e8485e67d,White Boards,Yale/Booth 2021.pdf,Yale,yale,2021,337,340,4,cases/Yale/Booth 2021/white-boards.pdf,1.0,manual_override_booth_2021,False,Retail / CPG,Operations,,,,,,White Boards,,manual_ground_truth_index,Ground-truth TOC with Breast Cancer Surgery start corrected to p118.,
8eaa9a0e-daad-4c1c-9b1e-bd72ea179ee2,Telco Talks,Yale/Booth 2021.pdf,Yale,yale,2021,342,345,4,cases/Yale/Booth 2021/telco-talks.pdf,1.0,manual_override_booth_2021,False,,Profitability,,,,,"assets are concentrated in 3 states  CA, NY, FL.
Customers
± Are both residential and business.
After candidate completes the discussion of their framework, the 
candidate should drive toward inquiring about the financial 
position of the client and acquisition target. If not, make sure to 
provide",Telco Talks,,manual_ground_truth_index,Ground-truth TOC with Breast Cancer Surgery start corrected to p118.; industry not extracted,
196fd51a-4755-4068-a1c8-85e8b12e726d,Yarmouth Yachts,Yale/Booth 2021.pdf,Yale,yale,2021,348,352,5,cases/Yale/Booth 2021/yarmouth-yachts.pdf,1.0,manual_override_booth_2021,False,Technology,Growth,,,,,"What analysis could we do to evaluate the claim that the Executives had 
inside information and allegedly knew the company’s net income would 
eventually decrease?
 This question addresses the relationship between showroom visits and net 
income. Remind the candidate that Yarmouth discloses contrac",Yarmouth Yachts,,manual_ground_truth_index,Ground-truth TOC with Breast Cancer Surgery start corrected to p118.,
ffcdcfd7-5674-4547-bad2-dbe01c01e27a,Sueno Mattress,Yale/Booth 2021.pdf,Yale,yale,2021,354,357,4,cases/Yale/Booth 2021/sueno-mattress.pdf,1.0,manual_override_booth_2021,False,Retail / CPG,Pricing,,,,,,Sueno Mattress,,manual_ground_truth_index,Ground-truth TOC with Breast Cancer Surgery start corrected to p118.,
2a02f53b-a000-4263-a506-ed98e1fadc81,Cruise Line Acquisition,Yale/Booth 2021.pdf,Yale,yale,2021,361,375,15,cases/Yale/Booth 2021/cruise-line-acquisition.pdf,1.0,manual_override_booth_2021,False,,M&A,,,,,,Cruise Line Acquisition,,manual_ground_truth_index,Ground-truth TOC with Breast Cancer Surgery start corrected to p118.; industry not extracted,
26412ed6-84fa-445a-9df2-38a4f9414d7e,Alkaline Ash,Yale/Columbia 2017.pdf,Yale,yale,2017,28,35,8,cases/Yale/Columbia 2017/alkaline-ash.pdf,1.0,manual_override_columbia_2017,False,Chemicals,Growth /,,,,Interviewee-led,,Alkaline Ash,,manual_ground_truth_index,"Ground-truth index: exact page ranges, no heuristics.",
136c1f3d-b8bf-4e76-804b-3db2b7656eea,Boston Office Supplies,Yale/Columbia 2017.pdf,Yale,yale,2017,36,41,6,cases/Yale/Columbia 2017/boston-office-supplies.pdf,1.0,manual_override_columbia_2017,False,Retail,Growth,,,,,,Boston Office Supplies,,manual_ground_truth_index,"Ground-truth index: exact page ranges, no heuristics.",
defc2b13-19c7-41d3-8f24-ea43c5a90b6d,California Parking Lot,Yale/Columbia 2017.pdf,Yale,yale,2017,42,50,9,cases/Yale/Columbia 2017/california-parking-lot.pdf,1.0,manual_override_columbia_2017,False,Public Services,Market Entry,,,,,,California Parking Lot,,manual_ground_truth_index,"Ground-truth index: exact page ranges, no heuristics.",
46e6b2d7-77d7-4c50-9b5b-3c1690dbebcd,Car Wash Chain,Yale/Columbia 2017.pdf,Yale,yale,2017,51,58,8,cases/Yale/Columbia 2017/car-wash-chain.pdf,1.0,manual_override_columbia_2017,False,PE,M&A,,,,,,Car Wash Chain,,manual_ground_truth_index,"Ground-truth index: exact page ranges, no heuristics.",
df8e6edd-c60b-4951-9522-d15b8c0a15cc,Carbon Fiber Manufacturer,Yale/Columbia 2017.pdf,Yale,yale,2017,59,64,6,cases/Yale/Columbia 2017/carbon-fiber-manufacturer.pdf,1.0,manual_override_columbia_2017,False,Manufacturing,Market Entry,,,,,,Carbon Fiber Manufacturer,,manual_ground_truth_index,"Ground-truth index: exact page ranges, no heuristics.",
0091e701-bce2-4dd6-abcd-b02fd400c3fd,Cow Dairy Milk,Yale/Columbia 2017.pdf,Yale,yale,2017,65,69,5,cases/Yale/Columbia 2017/cow-dairy-milk.pdf,1.0,manual_override_columbia_2017,False,Healthcare,Pricing,,,,,,Cow Dairy Milk,,manual_ground_truth_index,"Ground-truth index: exact page ranges, no heuristics.",
3fa31e94-91c4-4893-bf19-60de97552455,Fast Food Co.,Yale/Columbia 2017.pdf,Yale,yale,2017,70,74,5,cases/Yale/Columbia 2017/fast-food-co.pdf,1.0,manual_override_columbia_2017,False,Food,Market Entry,,,,,,Fast Food Co.,,manual_ground_truth_index,"Ground-truth index: exact page ranges, no heuristics.",
4631bf6b-f110-4bd3-acac-be2768be95d1,Frozen Food Co.,Yale/Columbia 2017.pdf,Yale,yale,2017,75,82,8,cases/Yale/Columbia 2017/frozen-food-co.pdf,1.0,manual_override_columbia_2017,False,Food,Profitability,,,,,,Frozen Food Co.,,manual_ground_truth_index,"Ground-truth index: exact page ranges, no heuristics.",
6a66ed1e-cbe9-40ac-bf73-f9764778f900,Grocery Store,Yale/Columbia 2017.pdf,Yale,yale,2017,83,90,8,cases/Yale/Columbia 2017/grocery-store.pdf,1.0,manual_override_columbia_2017,False,Retail,Profitability,,,,,,Grocery Store,,manual_ground_truth_index,"Ground-truth index: exact page ranges, no heuristics.",
581d093b-c4cc-4983-9f40-2a3c6d146a10,Hotel Ocho,Yale/Columbia 2017.pdf,Yale,yale,2017,91,97,7,cases/Yale/Columbia 2017/hotel-ocho.pdf,1.0,manual_override_columbia_2017,False,Hospitality,Profitability,,,,,,Hotel Ocho,,manual_ground_truth_index,"Ground-truth index: exact page ranges, no heuristics.",
0153c212-82cc-4852-8a07-2f0668dc31c6,Ice Cream Co.,Yale/Columbia 2017.pdf,Yale,yale,2017,98,103,6,cases/Yale/Columbia 2017/ice-cream-co.pdf,1.0,manual_override_columbia_2017,False,Retail,Profitability,,,,,,Ice Cream Co.,,manual_ground_truth_index,"Ground-truth index: exact page ranges, no heuristics.",
eb00f49a-e388-4022-93ce-4db8bea91841,Life Insurance Merger,Yale/Columbia 2017.pdf,Yale,yale,2017,104,109,6,cases/Yale/Columbia 2017/life-insurance-merger.pdf,1.0,manual_override_columbia_2017,False,Insurance,M&A,,,,,,Life Insurance Merger,,manual_ground_truth_index,"Ground-truth index: exact page ranges, no heuristics.",
630dd66c-8193-40d1-a208-b497f40b400c,Lubricant Manufacturer,Yale/Columbia 2017.pdf,Yale,yale,2017,110,115,6,cases/Yale/Columbia 2017/lubricant-manufacturer.pdf,1.0,manual_override_columbia_2017,False,Manufacturing,Profitability,,,,,,Lubricant Manufacturer,,manual_ground_truth_index,"Ground-truth index: exact page ranges, no heuristics.",
4e47e8cc-7dd0-422e-a2a4-e558bc89a14b,Oil and Gas Acquisition,Yale/Columbia 2017.pdf,Yale,yale,2017,116,120,5,cases/Yale/Columbia 2017/oil-and-gas-acquisition.pdf,1.0,manual_override_columbia_2017,False,Oil and Gas,M&A,,,,,,Oil and Gas Acquisition,,manual_ground_truth_index,"Ground-truth index: exact page ranges, no heuristics.",
b1ff1517-698d-42e7-ba2d-bb47e6cbf303,Outsourced School Food Service,Yale/Columbia 2017.pdf,Yale,yale,2017,121,125,5,cases/Yale/Columbia 2017/outsourced-school-food-service.pdf,1.0,manual_override_columbia_2017,False,PE,Investment,,,,,,Outsourced School Food Service,,manual_ground_truth_index,"Ground-truth index: exact page ranges, no heuristics.",
97657d77-0cc0-47f0-8ff9-9b6062d4fc09,Personal Care Company,Yale/Columbia 2017.pdf,Yale,yale,2017,126,130,5,cases/Yale/Columbia 2017/personal-care-company.pdf,1.0,manual_override_columbia_2017,False,Personal Care,Market Entry,,,,,,Personal Care Company,,manual_ground_truth_index,"Ground-truth index: exact page ranges, no heuristics.",
c9c4098a-24c8-48c3-8973-c8c9c4679612,Pharma Co.,Yale/Columbia 2017.pdf,Yale,yale,2017,131,136,6,cases/Yale/Columbia 2017/pharma-co.pdf,1.0,manual_override_columbia_2017,False,Pharma,Market Entry,,,,,,Pharma Co.,,manual_ground_truth_index,"Ground-truth index: exact page ranges, no heuristics.",
6b6dbfdd-5935-4d18-9a03-5101c677d25d,Population Health Management,Yale/Columbia 2017.pdf,Yale,yale,2017,137,141,5,cases/Yale/Columbia 2017/population-health-management.pdf,1.0,manual_override_columbia_2017,False,Healthcare,Market Sizing,,,,,,Population Health Management,,manual_ground_truth_index,"Ground-truth index: exact page ranges, no heuristics.",
fbf02929-b9a3-4d54-9777-191d9eebf8db,Portable Sanitation,Yale/Columbia 2017.pdf,Yale,yale,2017,142,147,6,cases/Yale/Columbia 2017/portable-sanitation.pdf,1.0,manual_override_columbia_2017,False,Sanitation,Revenue,,,,Interviewee-led,,Portable Sanitation,,manual_ground_truth_index,"Ground-truth index: exact page ranges, no heuristics.",
96e7bf1d-53cc-4067-9654-909ed659f39a,Pre-K Education,Yale/Columbia 2017.pdf,Yale,yale,2017,148,156,9,cases/Yale/Columbia 2017/pre-k-education.pdf,1.0,manual_override_columbia_2017,False,Education,Growth,,,,,,Pre-K Education,,manual_ground_truth_index,"Ground-truth index: exact page ranges, no heuristics.",
3239adc7-1bd6-49b7-a430-3b62a2f7254e,Rock Band,Yale/Columbia 2017.pdf,Yale,yale,2017,157,164,8,cases/Yale/Columbia 2017/rock-band.pdf,1.0,manual_override_columbia_2017,False,Entertainment,Revenue,,,,,,Rock Band,,manual_ground_truth_index,"Ground-truth index: exact page ranges, no heuristics.",
772a2f2e-dcf4-4191-9fbb-19ce6881e1c4,Soda Ash Producer,Yale/Columbia 2017.pdf,Yale,yale,2017,165,173,9,cases/Yale/Columbia 2017/soda-ash-producer.pdf,1.0,manual_override_columbia_2017,False,Private Equity,M&A,,,,,,Soda Ash Producer,,manual_ground_truth_index,"Ground-truth index: exact page ranges, no heuristics.",
cebae66e-4013-4130-a4c3-5aeb05b43b7e,Tristar Home Appliances,Yale/Columbia 2017.pdf,Yale,yale,2017,174,183,10,cases/Yale/Columbia 2017/tristar-home-appliances.pdf,1.0,manual_override_columbia_2017,False,Manufacturing,Market,,,,,,Tristar Home Appliances,,manual_ground_truth_index,"Ground-truth index: exact page ranges, no heuristics.",
931eab59-2303-417c-a923-470090b1e0fe,Veratech,Yale/Columbia 2017.pdf,Yale,yale,2017,184,190,7,cases/Yale/Columbia 2017/veratech.pdf,1.0,manual_override_columbia_2017,False,Tech,Profitability,,,,,,Veratech,,manual_ground_truth_index,"Ground-truth index: exact page ranges, no heuristics.",
2147ebaa-43f8-454e-8460-5b88b396b69d,Ban the Box,Yale/Columbia 2021.pdf,Yale,yale,2021,21,28,8,cases/Yale/Columbia 2021/ban-the-box.pdf,1.0,manual_override_columbia_2021,False,Government,Impact Analysis,Medium,,,,"Solution
As mentioned, this is a politically sensitive issue that will require support from at least 60 senators. Our client will need to
engender support from senators on both sides of the aisle. One of the ways we can help them do this is to identify how 
this can help their constituents. What eco",Ban the Box,,manual_ground_truth_index,"Ground-truth index: exact page ranges, no heuristics.",
843c6c47-6047-46c1-abba-27653abc2e41,Cheers,Yale/Columbia 2021.pdf,Yale,yale,2021,29,35,7,cases/Yale/Columbia 2021/cheers.pdf,1.0,manual_override_columbia_2021,False,CPG,Profitability,Medium,,,,"Solution
How profitable is ALSH?
Cheers
Ask the candidate what information they need in order to calculate ALSH’s profitability. Provide them with the following 
information as requested:
•
Annual expenses incurred by ALSH total $34,500,000
•
Wine sizes, number sold, price, and cost (summarized belo",Cheers,,manual_ground_truth_index,"Ground-truth index: exact page ranges, no heuristics.",
5806609d-715e-4035-b82f-40952e551b05,Combating Climate Change,Yale/Columbia 2021.pdf,Yale,yale,2021,36,43,8,cases/Yale/Columbia 2021/combating-climate-change.pdf,1.0,manual_override_columbia_2021,False,Government,Brainstorming,Medium,,,Interviewer-led,"Solution
The mayor likes your ideas but heard that emissions trading in the form of carbon cap-and-trade is gaining popularity in 
Europe and select US cities. She wants to know how an emissions trading policy would impact the city?
Combating Climate Change
If the candidate asks you to clarify the m",Combating Climate Change,,manual_ground_truth_index,"Ground-truth index: exact page ranges, no heuristics.",
4e572661-dc71-497f-97d3-5abeb5bbfab9,Co-V(id)accinated,Yale/Columbia 2021.pdf,Yale,yale,2021,44,58,15,cases/Yale/Columbia 2021/co-v-id-accinated.pdf,1.0,manual_override_columbia_2021,False,Public Sector,Optimization,Very Hard,,,,,Co-V(id)accinated,,manual_ground_truth_index,"Ground-truth index: exact page ranges, no heuristics.",
9792e35f-faa7-48a7-b46d-9e78be1e27ea,Dam Dam Dam,Yale/Columbia 2021.pdf,Yale,yale,2021,59,66,8,cases/Yale/Columbia 2021/dam-dam-dam.pdf,1.0,manual_override_columbia_2021,False,Energy,Non-Profit,Hard,,,,"Solution
What are some of the major inflows and outflows into and out of the dam?
Dam Dam Dam
Inflows
Outflows
•
Rain
•
Water from wastewater treatment plants
•
Runoff from nearby lakes/mountains
•
Evaporation
•
Hydroelectricity generation
•
Water for residents’ homes
•
Water for factories in the ci",Dam Dam Dam,,manual_ground_truth_index,"Ground-truth index: exact page ranges, no heuristics.",
22270b26-fa03-4e90-8afb-79dc6c9da453,Dizzy Fruits,Yale/Columbia 2021.pdf,Yale,yale,2021,67,75,9,cases/Yale/Columbia 2021/dizzy-fruits.pdf,1.0,manual_override_columbia_2021,False,Retail (Alcohol),Market Entry,Medium,,,,"Solution
How big will the alcoholic seltzer market be in five years?
Show candidate exhibit #1 after reading the question
Market Size in 5 Years: $2 billion in 2020 sales x 2 = $4 billion
Dizzy Fruits
Competitor
Market Share
2020 Sales
Competitor 1
60%
(500 x 4) x .1 x 6 = $1.2b
Competitor 2
25%
$50",Dizzy Fruits,,manual_ground_truth_index,"Ground-truth index: exact page ranges, no heuristics.",
f6026cac-c487-4f94-8149-d201d0f2412f,Dust Cloud,Yale/Columbia 2021.pdf,Yale,yale,2021,76,83,8,cases/Yale/Columbia 2021/dust-cloud.pdf,1.0,manual_override_columbia_2021,False,Agriculture,Profitability,Medium,,,,,Dust Cloud,,manual_ground_truth_index,"Ground-truth index: exact page ranges, no heuristics.",
e15d4300-1558-4c65-98e5-46c0e30c26d3,Echo Yankee Game,Yale/Columbia 2021.pdf,Yale,yale,2021,84,89,6,cases/Yale/Columbia 2021/echo-yankee-game.pdf,1.0,manual_override_columbia_2021,False,Technology,Profitability,Easy,,,Interviewer-led,"Solution
If asked, tell the candidate the following:
•
The user base will not decrease with the increase in profit margin
•
Category by percentage of current profit: Trivia 20%, Action 50%, Puzzle 20%, Word 10%
Current Profit Margin: 20% = (10%*20%+20%*50%+30%*20%+20%*10)
New Profit Margin: 22% = (2",Echo Yankee Game,,manual_ground_truth_index,"Ground-truth index: exact page ranges, no heuristics.",
8579689d-5ca9-4e82-8f3b-0fd88cf36f82,EduCo,Yale/Columbia 2021.pdf,Yale,yale,2021,90,99,10,cases/Yale/Columbia 2021/educo.pdf,1.0,manual_override_columbia_2021,False,EdTech,Growth Strategy,Medium,,,,"The candidate should be able to identify the three variables shown in the exhibit and interpret their significance. Each of 
these indicators impact the learning budget of the corporations –
•
Estimated market size: Industry size determines the revenues of the firms, hence, impacting their employmen",EduCo,,manual_ground_truth_index,"Ground-truth index: exact page ranges, no heuristics.",
86f8b606-ec44-4979-a67c-ce51b4901c9c,Explorer Bank,Yale/Columbia 2021.pdf,Yale,yale,2021,100,107,8,cases/Yale/Columbia 2021/explorer-bank.pdf,1.0,manual_override_columbia_2021,False,Financial Services / Credit Cards,Profitability,Medium,,,,"Solution
At a high-level, do you think this type of partnership can be mutually beneficial? What are the benefits to Explorer Bank? 
What are the benefits to Alpha Airlines?
Benefits for Explorer Bank
•
Access to new customers
•
Branding and promotion from Alpha Airlines
•
Revenues from both purchas",Explorer Bank,,manual_ground_truth_index,"Ground-truth index: exact page ranges, no heuristics.",
2e3e0ab1-f818-42aa-95f8-6ce2f06419ab,Fintech Startup,Yale/Columbia 2021.pdf,Yale,yale,2021,108,119,12,cases/Yale/Columbia 2021/fintech-startup.pdf,1.0,manual_override_columbia_2021,False,"Financial Services, Tech",Opportunity Assessment,Hard,,,,"Fintech Startup
Question #2
Question
Solution
•
Candidates should exhibit a desire to understand who the potential customers for the startup are, and try to figure out 
how critical the bias detection feature would be for them
•
If the candidate asks for a customer preferences survey, and/or asks fo",Fintech Startup,,manual_ground_truth_index,"Ground-truth index: exact page ranges, no heuristics.",
ac181480-7719-4fb7-8246-d8187a53fc1e,Funeral Homes,Yale/Columbia 2021.pdf,Yale,yale,2021,120,128,9,cases/Yale/Columbia 2021/funeral-homes.pdf,1.0,manual_override_columbia_2021,False,Funeral Homes,"Profitability, Interviewer-led",Medium to Difficult,,,Interviewer-led,"Solution
The target is currently offering only burial services with $6000 revenue earned per burial at 20% EBITDA margin. How 
much EBITDA can burial services segment generate in the 5th year and how much extra EBITDA does Funeral Co need 
to generate outside burial services by the end of PE firm’s",Funeral Homes,,manual_ground_truth_index,"Ground-truth index: exact page ranges, no heuristics.",
70eae538-426d-4bf0-b33b-1e5261fa024d,Grocer Prepared Foods,Yale/Columbia 2021.pdf,Yale,yale,2021,129,136,8,cases/Yale/Columbia 2021/grocer-prepared-foods.pdf,1.0,manual_override_columbia_2021,False,Grocery,Profitability,Easy,,,,"Solution
What is the root problem as to why gross profits aren’t growing? (Hand them Exhibit 1)
Why is the profit margin declining in prepared foods? (Brainstorm)
Grocer Prepared Foods
The candidate should quickly realize that while gross margin hasn’t been increasing for the company overall revenue",Grocer Prepared Foods,,manual_ground_truth_index,"Ground-truth index: exact page ranges, no heuristics.",
1996e0cd-bfbc-4662-abb3-220a4e8a1d93,Housing Authority Goes Green,Yale/Columbia 2021.pdf,Yale,yale,2021,137,146,10,cases/Yale/Columbia 2021/housing-authority-goes-green.pdf,1.0,manual_override_columbia_2021,False,Government/Public Service,Investment,Medium,,,Interviewer-led,"Solution
One reason that the housing authority is interested in adding green space is that greenery can reduce asthma rates. Right 
now, 10% of people with asthma are hospitalized one time per year at an average cost of $200 per hospitalization. Based 
on Exhibit 1, what is the annual cost of treati",Housing Authority Goes Green,,manual_ground_truth_index,"Ground-truth index: exact page ranges, no heuristics.",
48b26b86-051f-4c63-abfe-e2a3bc778668,Insta-Famous,Yale/Columbia 2021.pdf,Yale,yale,2021,147,154,8,cases/Yale/Columbia 2021/insta-famous.pdf,1.0,manual_override_columbia_2021,False,Social Media,New Product,Medium,,,,"•
Once they answer the first question they should drive the discussion towards the financials of what they brainstormed. 
At that point, hand them the first exhibit
•
From there, they should ask for the second exhibit
•
Once they have decided what should go on the app, you can discuss risks with the",Insta-Famous,,manual_ground_truth_index,"Ground-truth index: exact page ranges, no heuristics.",
bd800473-6b6e-4e27-9844-294190de8f36,MTA Subway,Yale/Columbia 2021.pdf,Yale,yale,2021,155,160,6,cases/Yale/Columbia 2021/mta-subway.pdf,1.0,manual_override_columbia_2021,False,Transportation,Profitability,Medium,,,,"Solution
How would you estimate the total number of subway rides that are taken on an average week day in New York City?
22 subway lines
Each train has on average 10 cars
Each car on average fits 100 people -> 1000 people per train
Trains arrive on average every 3 minutes during rush hour -> 20 trai",MTA Subway,,manual_ground_truth_index,"Ground-truth index: exact page ranges, no heuristics.",
399fa9c2-aace-41b0-8036-fd894dd21f5d,NeuroNow,Yale/Columbia 2021.pdf,Yale,yale,2021,161,169,9,cases/Yale/Columbia 2021/neuronow.pdf,1.0,manual_override_columbia_2021,False,Pharmaceuticals,Market Entry,Hard,,,,"•
Guide the candidate towards estimating number of patients treated for MS in a year: US Population * Incidence rate * 
Diagnosis rate * Treatment rate; For 2020: 300mn * 1/1000 incidence * 80% diagnosis rate * 90% treatment rate = 
216,000 treated patients in 2020
•
Hand out exhibit 1. A good candi",NeuroNow,,manual_ground_truth_index,"Ground-truth index: exact page ranges, no heuristics.",
05a1cbf7-8754-4d60-a6c6-c7eaf819d6f4,Optic-Eye,Yale/Columbia 2021.pdf,Yale,yale,2021,170,178,9,cases/Yale/Columbia 2021/optic-eye.pdf,1.0,manual_override_columbia_2021,False,Technology,Product Entry,Medium,,,,"Solution
What is the market size of each telecom provider, and how many customers do they serve? How many do we need to 
fulfill our requirements? 
Optic-Eye
If the candidate asks for the market size, show them Exhibit 1.
•The contract price for Verizon/ATT is $400, and for Others is $500
The candid",Optic-Eye,,manual_ground_truth_index,"Ground-truth index: exact page ranges, no heuristics.",
dc570207-7f2b-463e-991a-ac87159684ff,Packaging Cost Reduction,Yale/Columbia 2021.pdf,Yale,yale,2021,179,184,6,cases/Yale/Columbia 2021/packaging-cost-reduction.pdf,1.0,manual_override_columbia_2021,False,Manufacturing,Cost Reduction,Easy,,,,"Possible Solution
Packaging Cost Reduction
Pros
Cons
Corrugated 
Cardboard Boxes
1.
Commoditized product with multiple 
suppliers
2.
Lower unit costs
3.
Customizable
4.
Lighter
5.
Easily replaceable
6.
Easy to label
1.
Less durable
2.
More variable quality
3.
Some environmental concerns
4.
Continuou",Packaging Cost Reduction,,manual_ground_truth_index,"Ground-truth index: exact page ranges, no heuristics.",
f5ca7981-6ece-4f4d-9e8e-dda25c9616cd,PanDan Diplomacy,Yale/Columbia 2021.pdf,Yale,yale,2021,185,193,9,cases/Yale/Columbia 2021/pandan-diplomacy.pdf,1.0,manual_override_columbia_2021,False,Lobbyist,Strategy Formulation,Medium,,,,,PanDan Diplomacy,,manual_ground_truth_index,"Ground-truth index: exact page ranges, no heuristics.",
0fd254a3-5d7e-42d5-afbe-f9373607ddb4,"Pay Me My Money, In Cash",Yale/Columbia 2021.pdf,Yale,yale,2021,194,200,7,cases/Yale/Columbia 2021/pay-me-my-money-in-cash.pdf,1.0,manual_override_columbia_2021,False,Education,Strategy Formulation,Very Hard,,,,,"Pay Me My Money, In Cash",,manual_ground_truth_index,"Ground-truth index: exact page ranges, no heuristics.",
1c47ece7-c5b6-4c26-9c47-5d45f497504c,Race to 270,Yale/Columbia 2021.pdf,Yale,yale,2021,201,211,11,cases/Yale/Columbia 2021/race-to-270.pdf,1.0,manual_override_columbia_2021,False,Political Election,Asset Optimization,Hard,,,,"Solution
During our leadership meeting this morning, the client's campaign manager called twice to check on our progress. What 
ideas do you have that our client's campaign could do to increase their chances of winning re-election?
Candidate should start to brainstorm ideas utilizing a structured ap",Race to 270,,manual_ground_truth_index,"Ground-truth index: exact page ranges, no heuristics.",
5a4b5395-3abb-4f6a-bde7-b9fcb106d8a1,SeaBag Marina,Yale/Columbia 2021.pdf,Yale,yale,2021,212,219,8,cases/Yale/Columbia 2021/seabag-marina.pdf,1.0,manual_override_columbia_2021,False,Nautical,Profitability,Medium,,,,"Solution
Finn has found a potential location and put together the following pricing chart (hand out exhibit 1). The potential Marina 
can hold 40 slips and 50 moorings based on market analysis and wants help understanding potential revenue in Year 1. 
(elaborate what slips and moorings are at this p",SeaBag Marina,,manual_ground_truth_index,"Ground-truth index: exact page ranges, no heuristics.",
2ee88ecc-7e0c-41a4-afd9-800b82692444,Sparkle Co.,Yale/Columbia 2021.pdf,Yale,yale,2021,220,229,10,cases/Yale/Columbia 2021/sparkle-co.pdf,1.0,manual_override_columbia_2021,False,Retail,Profitability,Medium,,,,"Solution
A Sparkle Co. commercial analyst has put together some reports for you (hand over Exhibit 1 & Exhibit 2). What can you 
conclude about the company’s profitability issues? What has happened to the company’s market share? 
Sparkle Co.
YoY market share calculations:
The Candidate should identi",Sparkle Co.,,manual_ground_truth_index,"Ground-truth index: exact page ranges, no heuristics.",
a9758f5e-6821-480f-9f54-b805d25302d7,ST Boat Sale,Yale/Columbia 2021.pdf,Yale,yale,2021,230,235,6,cases/Yale/Columbia 2021/st-boat-sale.pdf,1.0,manual_override_columbia_2021,False,Transportation,Opportunity Assessment,Easy,,,,"Solution
Provide the candidate with the following data, with which he/she should calculate Annual Revenue:
•
$0.80 / ton / day of sailing
•
100% utilization
•
10 days sailing time with the cargo
•
2 days to load
•
1 day to unload
•
20 days of annual maintenance
First, candidate should calculate how",ST Boat Sale,,manual_ground_truth_index,"Ground-truth index: exact page ranges, no heuristics.",
5b3f921a-6135-4a0b-b51e-b94fac6e8282,The Greatest Show on Earth,Yale/Columbia 2021.pdf,Yale,yale,2021,236,243,8,cases/Yale/Columbia 2021/the-greatest-show-on-earth.pdf,1.0,manual_override_columbia_2021,False,Non-Profit,Other,Medium,,,,"Solution
Based on its initial analysis, the team has identified two potential homes for the Barnum & Bailey elephants: (1) a nature 
preserve in Florida and (2) an elephant sanctuary in India. What considerations would you want to examine when 
comparing these two options?
The Greatest Show on Earth",The Greatest Show on Earth,,manual_ground_truth_index,"Ground-truth index: exact page ranges, no heuristics.",
ac189769-2013-4939-822e-3977ad5dee64,The Home of Gnome,Yale/Columbia 2021.pdf,Yale,yale,2021,244,252,9,cases/Yale/Columbia 2021/the-home-of-gnome.pdf,1.0,manual_override_columbia_2021,False,Media & Entertainment,Competitor Analysis,Medium,,,Interviewer-led,,The Home of Gnome,,manual_ground_truth_index,"Ground-truth index: exact page ranges, no heuristics.",
16754876-ce20-4705-936e-79b304436360,Timeless Watches,Yale/Columbia 2021.pdf,Yale,yale,2021,253,260,8,cases/Yale/Columbia 2021/timeless-watches.pdf,1.0,manual_override_columbia_2021,False,Fashion Retail / Tech,Market Entry,Hard,,,Interviewer-led,"One Possible Solution
Timeless Watches
Estimate the size of the US smart watch market 
255",Timeless Watches,,manual_ground_truth_index,"Ground-truth index: exact page ranges, no heuristics.",
e4542fc3-28cc-41a8-bf7a-9be009972360,TriBeCa Branding,Yale/Columbia 2021.pdf,Yale,yale,2021,261,268,8,cases/Yale/Columbia 2021/tribeca-branding.pdf,1.0,manual_override_columbia_2021,False,Professional Services,Market Entry,Medium,,,,"Solution
Your team has gathered some information on potential customer businesses for the SaaS product (Exhibit #1).
(A) Where do you think Tribeca’s current client base falls on this perceptual map? 
(B) Which additional segment should they target? 
(C) How many clients can they expect to reach in",TriBeCa Branding,,manual_ground_truth_index,"Ground-truth index: exact page ranges, no heuristics.",
8ef02a12-549e-48d6-89c8-72b732a1298d,Lion King Bank,Yale/Columbia 2021.pdf,Yale,yale,2021,284,290,7,cases/Yale/Columbia 2021/lion-king-bank.pdf,1.0,manual_override_columbia_2021,False,Banking,Market Sizing,Easy,,,,"Solution
Lion King Bank
Increase number of customer accounts within existing market
•
Capture unbanked customers
•
Identify and penetrate underserved geographies/ segments, but high implementation risk and 
duration
Acquire customers from competition
•
Evaluating product mix against competition and",Lion King Bank,,manual_ground_truth_index,"Ground-truth index: exact page ranges, no heuristics.",
611f2b88-a741-485d-9054-b508342bb87e,Madecasse,Yale/Columbia 2021.pdf,Yale,yale,2021,291,298,8,cases/Yale/Columbia 2021/madecasse.pdf,1.0,manual_override_columbia_2021,False,Non-Profit,Market Entry,Hard,,,,,Madecasse,,manual_ground_truth_index,"Ground-truth index: exact page ranges, no heuristics.",
05f6b7f2-5f28-4307-9595-017bb317516d,Swedish Death Metal,Yale/Columbia 2021.pdf,Yale,yale,2021,306,312,7,cases/Yale/Columbia 2021/swedish-death-metal.pdf,1.0,manual_override_columbia_2021,False,Entertainment,Market Entry,Hard,,,,"Solution
Swedish Death Metal
150m * 13% = 19.5m
Candidates can round this to 20m 
308",Swedish Death Metal,,manual_ground_truth_index,"Ground-truth index: exact page ranges, no heuristics.",
cedc334f-fcf4-4f59-bc6f-8457aacfe7a9,Timber Crisis,Yale/Columbia 2021.pdf,Yale,yale,2021,313,317,5,cases/Yale/Columbia 2021/timber-crisis.pdf,1.0,manual_override_columbia_2021,False,Manufacturing,Turnaround,Hard,,,,,Timber Crisis,,manual_ground_truth_index,"Ground-truth index: exact page ranges, no heuristics.",
cee243cf-6a18-4eb7-bd49-38e4cfbddd3c,Traditional Toy Maker,Yale/Columbia 2021.pdf,Yale,yale,2021,318,324,7,cases/Yale/Columbia 2021/traditional-toy-maker.pdf,1.0,manual_override_columbia_2021,False,Private Equity,Opportunity Assessment,Medium,,,,"Solution
Traditional Toy Maker
Solution
Population
Purchases / Year
Cart Size
Market Size
Older Children
40,000,000
2
$20
$1,600,000,000
Adult Toy Enthusiasts
20,000,000
1
$80
$1,600,000,000
Parents
80,000,000
4
$25
$8,000,000,000
Grandparents
40,000,000
2
$40
$3,200,000,000
Total Market
$14,400,000",Traditional Toy Maker,,manual_ground_truth_index,"Ground-truth index: exact page ranges, no heuristics.",
56b62df1-3051-4a1b-b5e0-739937a76c23,Bank Savings for Savings Bank CIO,Yale/Darden 2017.pdf,Yale,yale,2017,35,42,8,cases/Yale/Darden 2017/bank-savings-for-savings-bank-cio.pdf,1.0,manual_override_darden_2017,False,,,,,,,"Our client is the CIO of a large domestic bank. He’s been tasked to cut $100m of costs 
within 9 months. Is this feasible without disrupting service?

Bank Savings for Savings Bank CIO
• Framework
• A good framework will be narrowly focused on cost 
and demonstrate creativity regarding the kinds of",Bank Savings for Savings Bank CIO,,manual_ground_truth_index,"Ground-truth index: exact page ranges, no heuristics.; industry not extracted; case_type not extracted",
5a92128c-6572-4498-a1d1-5bfe2a244f11,To Automate or not?,Yale/Darden 2017.pdf,Yale,yale,2017,43,53,11,cases/Yale/Darden 2017/to-automate-or-not.pdf,1.0,manual_override_darden_2017,False,Retail / CPG,Operations,,,,,"Case Question
After returning from a trade show, the CEO of a large grocery distribution center calls you. 
He enthusiastically describes a new technology which could be used to automate part of 
his company’s process. He asks whether you think this would be a good idea for his 
business. Knowing th",To Automate or not?,,manual_ground_truth_index,"Ground-truth index: exact page ranges, no heuristics.",
99fbfd63-6f21-48c4-ac93-988caa0d1ddb,Broche Laboratories,Yale/Darden 2017.pdf,Yale,yale,2017,54,63,10,cases/Yale/Darden 2017/broche-laboratories.pdf,1.0,manual_override_darden_2017,False,Healthcare,Growth,,,,,"Our client is the newly appointed CEO of a pharmaceutical company, Broche Laboratories, located in 
the United States that has seen stagnant growth over the last 10 years. The Board of Directors has 
tasked her with improving growth in the next six months. The new CEO has brought on our team to 
pro",Broche Laboratories,,manual_ground_truth_index,"Ground-truth index: exact page ranges, no heuristics.",
d618f13e-e581-49d3-8b9c-13eea0e39209,CEO of Your Favorite Company,Yale/Darden 2017.pdf,Yale,yale,2017,64,66,3,cases/Yale/Darden 2017/ceo-of-your-favorite-company.pdf,1.0,manual_override_darden_2017,False,Technology,Market Entry,,,,,"Talk to me about a company that you’re passionate about. Why are you passionate about 
it? Imagine that you were the CEO of this company. How would you change the business 
to make it better? How would you execute on this plan? 

CEO of Your Favorite Company
• Interviewer guidance:
• Candidates shou",CEO of Your Favorite Company,,manual_ground_truth_index,"Ground-truth index: exact page ranges, no heuristics.",
003c2967-7fd6-49aa-ac77-9bd7b9f801b9,Copier Co.,Yale/Darden 2017.pdf,Yale,yale,2017,67,75,9,cases/Yale/Darden 2017/copier-co.pdf,1.0,manual_override_darden_2017,False,Technology,Profitability,,,,,"Copier, Co. is a national distributor of office equipment, particularly commercial-grade 
copiers.  The firm sells the equipment directly to companies for use in their offices, as 
well as provides regular service including maintenance, repairs, and replacing disposable 
parts.  Recently, the compan",Copier Co.,,manual_ground_truth_index,"Ground-truth index: exact page ranges, no heuristics.",
9adbad08-e2b0-4b74-ad01-74439b7c8ab6,Henry's Furniture,Yale/Darden 2017.pdf,Yale,yale,2017,76,84,9,cases/Yale/Darden 2017/henry-s-furniture.pdf,1.0,manual_override_darden_2017,False,Retail / CPG,Profitability,,,,,"Henry’s is a local furniture retail store in Houston, TX. Henry, the owner, has called in BCG
because he has seen declining profits in the last few years and would like your help. How 
would you advise Henry?

Henry’s Furniture
• Candidate should recognize quickly that this is a profit question 
and",Henry's Furniture,,manual_ground_truth_index,"Ground-truth index: exact page ranges, no heuristics.",
323b44e3-cb86-4b27-8f90-c6287c0a31fa,CDC Pharmaceuticals,Yale/Darden 2017.pdf,Yale,yale,2017,85,90,6,cases/Yale/Darden 2017/cdc-pharmaceuticals.pdf,1.0,manual_override_darden_2017,False,Industrials,Operations,,,,Interviewer-led,"Our North Dakota-based client, CDC Pharmaceuticals, manufactures and distributes over-the-counter cold, allergy 
and flu medicines sold in convenience stores across the United States.  CDC’s current manufacturing plant is 
severely outdated, and the company’s management team is in the process of eva",CDC Pharmaceuticals,,manual_ground_truth_index,"Ground-truth index: exact page ranges, no heuristics.",
165b998e-d1d9-40c4-8441-d2a85a72b80e,World Vision,Yale/Darden 2017.pdf,Yale,yale,2017,91,99,9,cases/Yale/Darden 2017/world-vision.pdf,1.0,manual_override_darden_2017,False,,Growth,,,,,"Our client is a non-profit organization whose mission is to bring better vision care and 
access to third world African countries. The organization currently only offers services in 
one country and provides vision care to 20,000 people a year through its three service 
locations. The non-profit has",World Vision,,manual_ground_truth_index,"Ground-truth index: exact page ranges, no heuristics.; industry not extracted",
df5f2283-1b37-436d-b9f8-beb214f0b9bb,Maxicure,Yale/Darden 2017.pdf,Yale,yale,2017,100,105,6,cases/Yale/Darden 2017/maxicure.pdf,1.0,manual_override_darden_2017,False,Financial Services,Profitability,,,,,"Your client Maxicure manufactures and sells an over-the-counter cough and cold 
medicine. Their sole plant in Kentucky is aging, and it’s increasing maintenance costs are 
leading to low margins on their products. How would you advise Maxicure proceed to 
solve this problem?

Maxicure
Question 1: Wh",Maxicure,,manual_ground_truth_index,"Ground-truth index: exact page ranges, no heuristics.",
186d6a6e-40ee-4966-906d-8ecc2f277e76,Railroad Budget Blowout,Yale/Darden 2017.pdf,Yale,yale,2017,106,114,9,cases/Yale/Darden 2017/railroad-budget-blowout.pdf,1.0,manual_override_darden_2017,False,wide,Operations,,,,,"Our client is an Eastern U.S. railroad that is required to implement a new technology 
mandated by the government. The new technology involves installing signal readers at 
various points along the tracks to communicate train locations and improve safety 
measures over the next 12 months. They have",Railroad Budget Blowout,,manual_ground_truth_index,"Ground-truth index: exact page ranges, no heuristics.",
b5a9fcb3-325b-4295-b6e9-2f2ed775ad93,Saving the Payphone Company,Yale/Darden 2017.pdf,Yale,yale,2017,115,123,9,cases/Yale/Darden 2017/saving-the-payphone-company.pdf,1.0,manual_override_darden_2017,False,,Profitability,,,,,"Our client is an American payphone company that installs and maintains payphones in commercial 
and residential buildings. Payphones is a dying business globally. So the client has contacted us to 
help figure out how they can preserve and improve profitability in existing business for as long as 
p",Saving the Payphone Company,,manual_ground_truth_index,"Ground-truth index: exact page ranges, no heuristics.; industry not extracted",
098cb8f7-2a51-4885-959b-90a0c5463f17,Selling Laylays in Bahrain,Yale/Darden 2017.pdf,Yale,yale,2017,124,131,8,cases/Yale/Darden 2017/selling-laylays-in-bahrain.pdf,1.0,manual_override_darden_2017,False,,Profitability,,,,,"The CEO of your client “Middle East Textile” just called you to know whether he should 
buy a new machine for $1 million which will effectively double his capacity of Abaya 
production. He has asked you to provide an answer within the next half-hour. How will 
you advise him?

Selling Abayas in Bahr",Selling Laylays in Bahrain,,manual_ground_truth_index,"Ground-truth index: exact page ranges, no heuristics.; industry not extracted",
38efcdfb-cd89-444a-8816-4ab7f5eee349,Starbucks' Ice Cream Dream,Yale/Darden 2017.pdf,Yale,yale,2017,132,138,7,cases/Yale/Darden 2017/starbucks-ice-cream-dream.pdf,1.0,manual_override_darden_2017,False,Retail / CPG,Pricing,,A great candidate will ask for data related to each part of their framework with,"In describing the customer and market landscape, a great interviewee will",Interviewee-led,"Put yourself in the shoes of a Starbucks executive. You have been asked how you would 
think about launching a new product, specifically soft-serve ice cream. What would you 
think about?

Starbucks’ Ice Cream Dream
• Interviewer Tips
• This case is designed to be intentionally ambiguous in order to",Starbucks' Ice Cream Dream,,manual_ground_truth_index,"Ground-truth index: exact page ranges, no heuristics.",
d650fc66-81ec-47e4-b50b-970716d772ad,Transportation TechCo.,Yale/Darden 2017.pdf,Yale,yale,2017,139,147,9,cases/Yale/Darden 2017/transportation-techco.pdf,1.0,manual_override_darden_2017,False,Technology,,,,,,"Our client, Transportation TechCo., is a key player in the transportation technology space. 
Recently, the client developed an innovative GPS fleet tracking device which it believes 
could prove valuable to K-12 schools in the U.S. We have been engaged to help our client 
determine whether this prod",Transportation TechCo.,,manual_ground_truth_index,"Ground-truth index: exact page ranges, no heuristics.; case_type not extracted",
579d9fbe-0eef-4fc6-96b5-6579ece17818,National Express Trucking,Yale/Darden 2019.pdf,Yale,yale,2019,48,57,10,cases/Yale/Darden 2019/national-express-trucking.pdf,1.0,manual_override_darden_2018_2019,False,Airlines / Transportation,Profitability,,,,,"Your client is National Logistics; a large transportation and logistics company 
that delivers freight to all areas of North America. Over the last five years, the 
company has experienced rising costs due to increases in wages resulting 
from a shortage of truckers. The client is now looking to red",National Express Trucking,,manual_ground_truth_index,"Ground-truth index: exact page ranges, no heuristics.",
163815ea-9509-4c9d-9d4c-0e236dd054d6,Styrofoam Situation,Yale/Darden 2019.pdf,Yale,yale,2019,58,67,10,cases/Yale/Darden 2019/styrofoam-situation.pdf,1.0,manual_override_darden_2018_2019,False,,Profitability,,,,,"Your client is the CEO of Cup Co, a national supplier of Styrofoam cups to 
restaurants. While profit has been steady, she is worried about the influx of 
cheaper products from China by a new competitor (Chalice Inc) and has 
called you in to give a recommendation on how to ensure continued 
profita",Styrofoam Situation,,manual_ground_truth_index,"Ground-truth index: exact page ranges, no heuristics.; industry not extracted",
9c25cdf1-5406-4df5-8ecd-379c92c3e5a1,North-South Pharma,Yale/Darden 2019.pdf,Yale,yale,2019,68,82,15,cases/Yale/Darden 2019/north-south-pharma.pdf,1.0,manual_override_darden_2018_2019,False,Healthcare,,,,,,"North-South Pharma Co is a US-based pharmaceutical manufacturer. The 
company owns a plant in the United States that is active in serving US 
customers through pharmacies, and also owns an idle plant in South America.
1. Market Size: Forecast Revenue for North-South Pharma Co
2. What should North-So",North-South Pharma,,manual_ground_truth_index,"Ground-truth index: exact page ranges, no heuristics.; case_type not extracted",
ad786d9f-2c46-44ff-b790-90b6e0e34c18,Fire Proof Inc.,Yale/Darden 2019.pdf,Yale,yale,2019,83,92,10,cases/Yale/Darden 2019/fire-proof-inc.pdf,1.0,manual_override_darden_2018_2019,False,Financial Services,Operations,,,,,"The CEO of Fire Proof Inc. wants to find new ways to diversify her revenue 
and product line. Currently, Fire Proof only sells fire resistant jackets, gloves, 
hard-hats, and tools to government sponsored fire departments nationwide. 
The CEO believes the company can expand their operations to make",Fire Proof Inc.,,manual_ground_truth_index,"Ground-truth index: exact page ranges, no heuristics.",
e56516ed-91c0-4d70-b450-634f940b5b2c,Quality Bottling Co.,Yale/Darden 2019.pdf,Yale,yale,2019,93,104,12,cases/Yale/Darden 2019/quality-bottling-co.pdf,1.0,manual_override_darden_2018_2019,False,Industrials,Profitability,,,,,"After successfully servicing large beverage companies over the last 20 years, our 
client, the CEO of High Quality Bottles (HQB), a small plastics manufacturing and 
bottling company, wants to expand into the hospitality and leisure space. Specifically, 
she wants HQB to supply local hotel chains wi",Quality Bottling Co.,,manual_ground_truth_index,"Ground-truth index: exact page ranges, no heuristics.",
1525674b-5426-4d0e-b406-7adad0d8843a,Canyon Capital,Yale/Darden 2019.pdf,Yale,yale,2019,105,113,9,cases/Yale/Darden 2019/canyon-capital.pdf,1.0,manual_override_darden_2018_2019,False,Financial Services,Profitability,,,,,,Canyon Capital,,manual_ground_truth_index,"Ground-truth index: exact page ranges, no heuristics.",
9ba03e9e-3cd0-4056-90f4-c7b5165e2989,Transportation Tech Co.,Yale/Darden 2019.pdf,Yale,yale,2019,114,125,12,cases/Yale/Darden 2019/transportation-tech-co.pdf,1.0,manual_override_darden_2018_2019,False,Technology,,,,,,"Our client, Transportation Tech Co., is a key player in the transportation 
technology space. Recently, the client developed an innovative GPS fleet 
tracking device which it believes could prove valuable to K-12 schools in the 
US. We have been engaged to help our client determine whether this prod",Transportation Tech Co.,,manual_ground_truth_index,"Ground-truth index: exact page ranges, no heuristics.; case_type not extracted",
016cbb19-7c4f-4f75-8c24-9b17d91e8f65,Lonely Gas Station,Yale/Darden 2019.pdf,Yale,yale,2019,126,135,10,cases/Yale/Darden 2019/lonely-gas-station.pdf,1.0,manual_override_darden_2018_2019,False,Retail / CPG,Profitability,,,,,"Our client is the owner of a gas station between towns A and B – 10 miles to each 
town. He is wondering if it would make sense to add a convenience store to the gas 
station.
This is intentionally open-ended. The interviewee will have to ask multiple questions to frame the 
problem and gather the i",Lonely Gas Station,,manual_ground_truth_index,"Ground-truth index: exact page ranges, no heuristics.",
ed818d16-3e21-4ea4-8d23-fc3f06bde8c4,Rubber Bumper Laboratories,Yale/Darden 2019.pdf,Yale,yale,2019,167,178,12,cases/Yale/Darden 2019/rubber-bumper-laboratories.pdf,1.0,manual_override_darden_2018_2019,False,,Profitability,,,,,,Rubber Bumper Laboratories,,manual_ground_truth_index,"Ground-truth index: exact page ranges, no heuristics.; industry not extracted",
4765adb1-e1bf-4866-8417-c676799d942a,Alpha Aviation,Yale/Darden 2021.pdf,Yale,yale,2021,34,50,17,cases/Yale/Darden 2021/alpha-aviation.pdf,1.0,manual_override_darden_2021,False,but is in line with other airlines within its class of service,Profitability,,,,,"Your client is a large US-based commercial airline that has lost profitability 
and market share. The company is under pressure to regain its foothold in 
the industry and grow its balance sheet. Can you brainstorm some areas you 
would like to investigate on behalf of the airline?

36
Framework Gui",Alpha Aviation,,manual_ground_truth_index,"Ground-truth TOC: exact page ranges, no heuristics.",
c5a90a11-2c14-46b8-95c9-3d93da2adb84,Back It On Up,Yale/Darden 2021.pdf,Yale,yale,2021,51,62,12,cases/Yale/Darden 2021/back-it-on-up.pdf,1.0,manual_override_darden_2021,False,Technology,M&A,,,,,"BackupCo is a data backup and disaster recovery company. It’s 
primary headquarters is in Boston, its client services department is in South 
Carolina, and its development is split between Texas and Ukraine. To expand 
its product offerings, reach, and revenue, it is considering purchasing 
CloudCo,",Back It On Up,,manual_ground_truth_index,"Ground-truth TOC: exact page ranges, no heuristics.",
394d1881-037f-401c-b1d7-0d70fd10e94c,The Big Shot,Yale/Darden 2021.pdf,Yale,yale,2021,63,77,15,cases/Yale/Darden 2021/the-big-shot.pdf,1.0,manual_override_darden_2021,False,Media / Entertainment,Profitability,,,,,"Our client, Lights Camera Action Entertainment (LCA), is a major movie 
production house. After a disappointing summer filled with numerous box 
office flops, the CEO of LCA has approached us to decide which movie the 
company should release next.

65
Framework Guidance:
Note: There are many possibl",The Big Shot,,manual_ground_truth_index,"Ground-truth TOC: exact page ranges, no heuristics.",
44e21169-8509-49fe-9a26-4dab559991d4,Contagion Containment,Yale/Darden 2021.pdf,Yale,yale,2021,78,89,12,cases/Yale/Darden 2021/contagion-containment.pdf,1.0,manual_override_darden_2021,False,,,,,,,"Your client is the International Olympic Committee (IOC), and the Summer Olympics are a couple 
months away. A viral outbreak has occurred in a country across the globe and has begun to spread. 
There is a real threat that the outbreak reaches pandemic levels and arrives in the host country within a",Contagion Containment,,manual_ground_truth_index,"Ground-truth TOC: exact page ranges, no heuristics.; industry not extracted; case_type not extracted",
e0acbf51-edbc-4aac-af8b-a22dac7eeaf0,Food Frenzy,Yale/Darden 2021.pdf,Yale,yale,2021,90,101,12,cases/Yale/Darden 2021/food-frenzy.pdf,1.0,manual_override_darden_2021,False,,Market Entry,,,,,"Mercado Reforma is a large B2B grocery supplier in Latin America that wants 
to expand into the B2C space. You are the project leader, ideate ways to 
investigate the opportunity and bring the concept to life. Walk me through 
how you would approach the project.
Suggested interview length: ~45 minut",Food Frenzy,,manual_ground_truth_index,"Ground-truth TOC: exact page ranges, no heuristics.; industry not extracted",
0982f100-bf29-4bde-992b-b21fbc31dc38,A Hairy Ordeal,Yale/Darden 2021.pdf,Yale,yale,2021,102,115,14,cases/Yale/Darden 2021/a-hairy-ordeal.pdf,1.0,manual_override_darden_2021,False,Technology,Pricing,,,,,"Your friend Megan Black calls you to ask for your advice. Megan had been working in 
the beauty industry as an independent hair stylist for 2 years when the owner of Salon 
Deluxe approached her and asked her to buy the salon. It has always been her dream 
to own a hair salon, but she isn’t sure if",A Hairy Ordeal,,manual_ground_truth_index,"Ground-truth TOC: exact page ranges, no heuristics.",
b5d5f014-4bb7-4fa1-adf6-3129fbbc52bb,Lizard Insurance,Yale/Darden 2021.pdf,Yale,yale,2021,116,129,14,cases/Yale/Darden 2021/lizard-insurance.pdf,1.0,manual_override_darden_2021,False,Technology,Profitability,,,,,"Our client, Lizard Insurance, is a US-based auto insurance provider that recently 
acquired a rival auto insurance company MediumSure. As a part of the acquisition, 
Lizard Insurance also acquired a subsidiary of MediumSure named TechSize, that 
provides software for many insurance companies. Lizard",Lizard Insurance,,manual_ground_truth_index,"Ground-truth TOC: exact page ranges, no heuristics.",
831002e7-54c4-4d37-8712-c0caa440d478,Met With Problems,Yale/Darden 2021.pdf,Yale,yale,2021,130,139,10,cases/Yale/Darden 2021/met-with-problems.pdf,1.0,manual_override_darden_2021,False,,Operations,,,,,"Your client is Amy Sherald, the Chief People Officer at the Metropolitan Museum of Art (“The Met”). 
Located in New York City, the Met is one of the world’s largest art museum with 250 gallery rooms and a 
collection of more than 2 million works of art. This mega-museum welcomes over 6 million visit",Met With Problems,,manual_ground_truth_index,"Ground-truth TOC: exact page ranges, no heuristics.; industry not extracted",
aa3be06d-532e-4ce3-a440-3e48caaeb690,A Messi Decision,Yale/Darden 2021.pdf,Yale,yale,2021,140,150,11,cases/Yale/Darden 2021/a-messi-decision.pdf,1.0,manual_override_darden_2021,False,,M&A,,,,,"Your client is the CEO of a major English soccer team. He’s called you while 
brimming with excitement after receiving news that Lionel Messi was looking for 
a new team. Players of Messi’s quality rarely became available, and would 
surely improve any team. However, with COVID-19 restricting budget",A Messi Decision,,manual_ground_truth_index,"Ground-truth TOC: exact page ranges, no heuristics.; industry not extracted",
1cdb576d-b76e-4743-91bd-6f7e3bdbe83c,New Rubber Plant Investment,Yale/Darden 2021.pdf,Yale,yale,2021,151,160,10,cases/Yale/Darden 2021/new-rubber-plant-investment.pdf,1.0,manual_override_darden_2021,False,Financial Services,Profitability,,,,,"The federal government of a foreign country is investigating whether to 
reopen a rubber factory in a western part of the country. The factory was 
operational in the past, but has not been used for 7 years. The plant was 
closed due to terrorism in the area. If rejuvenated, it may become a target f",New Rubber Plant Investment,,manual_ground_truth_index,"Ground-truth TOC: exact page ranges, no heuristics.",
7f81a0af-0111-4fe6-b7ed-4eaca983060a,PubU,Yale/Darden 2021.pdf,Yale,yale,2021,161,170,10,cases/Yale/Darden 2021/pubu.pdf,1.0,manual_override_darden_2021,False,Energy,Operations,,,,,"You are the Dean of a large public university in the Midwest. Your tenure has focused on raising the 
profile of the university through various initiatives.  Recently, the Board of Regents has requested a plan 
that outlines the university’s environmental footprint and a goal to reach net-zero waste",PubU,,manual_ground_truth_index,"Ground-truth TOC: exact page ranges, no heuristics.",
182655ba-f21f-4199-9d1b-1e78c16e7c8e,Whale Hotel,Yale/Darden 2021.pdf,Yale,yale,2021,171,183,13,cases/Yale/Darden 2021/whale-hotel.pdf,1.0,manual_override_darden_2021,False,Retail / CPG,,,,,,"Our client is a real estate company that owns and operates luxury hotels 
around the world. They’ve previously owned 3 resorts in Dubai and are 
considering building a fourth, targeted specifically at high net worth 
individuals – called whales. 

173
EXHIBIT 1 
1 2  |  C A S E :  W H A L E  H O T E",Whale Hotel,,manual_ground_truth_index,"Ground-truth TOC: exact page ranges, no heuristics.; case_type not extracted",
d04a8361-298f-4e99-a640-01c461af91ce,Maine Apples,Yale/Kellogg 2016.pdf,Yale,yale,2016,25,29,5,cases/Yale/Kellogg 2016/maine-apples.pdf,1.0,manual_override_kellogg_2016,False,Consumer Goods,Profitability,,,,,"Our client is a Korean conglomerate named Danut that has acquired a small Boston-based biotechnology firm
The biotech firm acquired has developed a chemical that helps control the ripening of produce. After testing, this 
chemical appears to work especially well with apples: it allows apple orchar",Maine Apples,,manual_ground_truth_index,"Ground-truth TOC: exact page ranges, no heuristics.",
7905c564-46a9-499b-9960-1c8d10a0f066,Kellogg in India,Yale/Kellogg 2016.pdf,Yale,yale,2016,30,36,7,cases/Yale/Kellogg 2016/kellogg-in-india.pdf,1.0,manual_override_kellogg_2016,False,Education,Market Entry,,,,,"Guide to the interviewer
Our client is the Dean of Kellogg School of Management. She has hired you to advise her on an idea, which struck her during 
the previous week – To consider starting a satellite campus of Kellogg in India. She has asked you to determine whether 
Kellogg should enter the Indi",Kellogg in India,,manual_ground_truth_index,"Ground-truth TOC: exact page ranges, no heuristics.",
6bc9aec4-af6b-4ecc-8e17-d00353731f33,Rotisserie Ranch,Yale/Kellogg 2016.pdf,Yale,yale,2016,37,43,7,cases/Yale/Kellogg 2016/rotisserie-ranch.pdf,1.0,manual_override_kellogg_2016,False,Consumer Goods,Profitability,,,,Interviewer-led,"Our client is Rotisserie Ranch, a poultry farming company that specializes in growing chickens for rotisserie 
roasting. Its primary customer segment is comprised of large grocery chains that buy its chickens to fresh roast 
in the meat departments of their grocery stores. Market research has revea",Rotisserie Ranch,,manual_ground_truth_index,"Ground-truth TOC: exact page ranges, no heuristics.",
81655e08-bd19-4cdb-9419-f38a995a2456,Tarrant Fixtures,Yale/Kellogg 2016.pdf,Yale,yale,2016,44,47,4,cases/Yale/Kellogg 2016/tarrant-fixtures.pdf,1.0,manual_override_kellogg_2016,False,Industrial goods,Investment,,,,,"Our client, Tarrant Fixtures, is a low-intensity manufacturing company that produces display fixtures for retail clients. The 
company’s financial performance has deteriorated in each of the last three years. Specifically, they are concerned with 
the company’s falling Return on Investment (ROI).",Tarrant Fixtures,,manual_ground_truth_index,"Ground-truth TOC: exact page ranges, no heuristics.",
34f9515d-8776-4a02-96e9-7e06d75b5d98,Portkey Inc.,Yale/Kellogg 2016.pdf,Yale,yale,2016,48,51,4,cases/Yale/Kellogg 2016/portkey-inc.pdf,1.0,manual_override_kellogg_2016,False,Transportation,Market Entry,,,,,"Clarifying answers to provide (if asked)
A model framework should include the following
Enter 
market?
Market 
attractiveness
Pricing
Other 
consideration
Market size
Value-based
Cost-based
Risks / regulations
Candidate reflections / initial hypothesis should include
Portkey Inc. is a British compan",Portkey Inc.,,manual_ground_truth_index,"Ground-truth TOC: exact page ranges, no heuristics.",
ece563b6-a419-4cc2-9964-3ef5b6b83771,Salty Sole Shoe Co,Yale/Kellogg 2016.pdf,Yale,yale,2016,52,58,7,cases/Yale/Kellogg 2016/salty-sole-shoe-co.pdf,1.0,manual_override_kellogg_2016,False,Retail Apparel,Growth,,,,,"Your client is a large retail-focused private equity firm that owns Salty Sole, a leading designer of junior women’s 
footwear, primarily targeting the 14 – 22 year old age group.  Salty Sole was purchased last year by the private equity firm 
expecting to realize substantial profits upon sale in 2",Salty Sole Shoe Co,,manual_ground_truth_index,"Ground-truth TOC: exact page ranges, no heuristics.",
52475703-e63a-4395-81b8-f4dd9750240c,Money Bank Call Center,Yale/Kellogg 2016.pdf,Yale,yale,2016,59,64,6,cases/Yale/Kellogg 2016/money-bank-call-center.pdf,1.0,manual_override_kellogg_2016,False,Operations / financial services,M&A,,,,,"Our client is a large financial services firm with multiple locations around the world. Part of their service offering includes 
a 24-hour helpline. The client has their call centers in New York and Paris
The client has recently acquired a small firm (Firm B) in order to expand its reach in a part",Money Bank Call Center,,manual_ground_truth_index,"Ground-truth TOC: exact page ranges, no heuristics.",
90b5a216-f3c1-4267-9bdf-e0ad5922fce1,Zephyr Beverages,Yale/Kellogg 2016.pdf,Yale,yale,2016,65,68,4,cases/Yale/Kellogg 2016/zephyr-beverages.pdf,1.0,manual_override_kellogg_2016,False,Consumer Goods,Profitability,,,,,"Our client, Zephyr Beverages, is a division of a large consumer products company. The division produces fruit juices in 
three forms, all under the Zephyr name: chilled, juice boxes, and frozen concentrate. Zephyr had sales of $600 million last 
year, about 3% of the company’s overall sales of $20",Zephyr Beverages,,manual_ground_truth_index,"Ground-truth TOC: exact page ranges, no heuristics.",
5fce284f-f538-4dc0-b2eb-485a44760b9a,Shermer Pharma,Yale/Kellogg 2016.pdf,Yale,yale,2016,69,76,8,cases/Yale/Kellogg 2016/shermer-pharma.pdf,1.0,manual_override_kellogg_2016,False,Health Care,Profitability,,,,,"Our client, Shermer Pharma, is a venture backed start-up Pharmaceutical company.  Over the past 15 years, Shermer has 
been developing a molecule that has been approved by the FDA to cure Alzheimer’s with 90% efficacy.
Shermer’s owners have hired us to determine:
How should we sell our product?
",Shermer Pharma,,manual_ground_truth_index,"Ground-truth TOC: exact page ranges, no heuristics.",
e6dbca98-33da-4dc3-8bf7-1359cede93bc,Orange Retailer,Yale/Kellogg 2016.pdf,Yale,yale,2016,77,82,6,cases/Yale/Kellogg 2016/orange-retailer.pdf,1.0,manual_override_kellogg_2016,False,Retail,Market Entry,,,,Interviewer-led,"Orange Retailer Co. (ORC) manufactures, import/exports and distributes high-end world known brands and conservative/traditional 
apparel brands in several countries in Latin America. ORC is considering entering a new country in Latin America, and you have 
been hired to determine whether they shoul",Orange Retailer,,manual_ground_truth_index,"Ground-truth TOC: exact page ranges, no heuristics.",
86e054dd-a842-4431-ade1-c85271db9178,Vitality Insurance,Yale/Kellogg 2016.pdf,Yale,yale,2016,83,89,7,cases/Yale/Kellogg 2016/vitality-insurance.pdf,1.0,manual_override_kellogg_2016,False,Financial Services,Profitability,,,,,"Our client, Vitality  Insurance, is a leading provider of supplemental insurance products in the United States.   
Vitality agents partner with companies to offer their employees optional, supplemental insurance for such conditions as 
life, long-term disability, etc.
Vitality has undergone fairl",Vitality Insurance,,manual_ground_truth_index,"Ground-truth TOC: exact page ranges, no heuristics.",
22edac1a-6b7f-44a3-9a8f-5fc9d5aa7df8,Realty Seattle,Yale/Kellogg 2016.pdf,Yale,yale,2016,90,96,7,cases/Yale/Kellogg 2016/realty-seattle.pdf,1.0,manual_override_kellogg_2016,False,Real Estate,Growth,,,,,"Clarifying answers to provide
A model framework should include the following
Profit
Revenue
Costs
Price trends, realtor 
quality, commissions
More realtors in current 
city; expand to new cities
Tech costs: web 
design/server space
Marketing/advertising 
costs; set up costs (email) 
for each new age",Realty Seattle,,manual_ground_truth_index,"Ground-truth TOC: exact page ranges, no heuristics.",
5549e4ad-2d3d-488a-8ddc-4e9d605552d1,Dark Sky,Yale/Kellogg 2016.pdf,Yale,yale,2016,97,104,8,cases/Yale/Kellogg 2016/dark-sky.pdf,1.0,manual_override_kellogg_2016,False,Industrial Goods – Aerospace and,Market Entry,,,,,"Our client, Dark Sky, is a small manufacturer of unmanned (i.e. remotely piloted) data collection aircraft. Dark Sky 
produces the Assessor, an aircraft originally designed for unmanned weather exploration. In 2006, the United States 
military began purchasing Assessors for use in Intelligence, Sur",Dark Sky,,manual_ground_truth_index,"Ground-truth TOC: exact page ranges, no heuristics.",
4e020ce7-000e-4851-8765-40cd609b7819,Healthy Foods Co,Yale/Kellogg 2016.pdf,Yale,yale,2016,105,111,7,cases/Yale/Kellogg 2016/healthy-foods-co.pdf,1.0,manual_override_kellogg_2016,False,CPG,Growth,,,,Interviewee-led,"Our client is Healthy Foods Co, a wholesaler serving a variety of clients with Food products. The client is profitable but 
they want you to help them find revenue growth opportunities from their current business.
How can we help Healthy Foods Co. drive their revenue growth?
Guide to interviewer
",Healthy Foods Co,,manual_ground_truth_index,"Ground-truth TOC: exact page ranges, no heuristics.",
45501d14-95b7-4a14-a932-05bbad0f9b59,Plastic World,Yale/Kellogg 2016.pdf,Yale,yale,2016,112,118,7,cases/Yale/Kellogg 2016/plastic-world.pdf,1.0,manual_override_kellogg_2016,False,Financial Services,Profitability,,,,,"Our client is a private equity firm interested in PlasticWorld, a plastic packaging manufacturer. 
PlasticWorld’s owners are requesting $25M. The offer is final. Should our client buy?
Guide to interviewer
The case primarily tests the ability to gain insight from 
quantitative data , value a comp",Plastic World,,manual_ground_truth_index,"Ground-truth TOC: exact page ranges, no heuristics.",
d845d3af-b5b7-4d49-94ae-ae89d77c54ad,GoNet,Yale/Kellogg 2016.pdf,Yale,yale,2016,119,123,5,cases/Yale/Kellogg 2016/gonet.pdf,1.0,manual_override_kellogg_2016,False,Technology,Profitability,,,,,"Our client, GoNet, is a US-based Internet Service Provider (ISP) that is considering entering the European market. They 
are currently the dominant player in the US with two revenue streams: a subscription access fee and by taking a 
percentage of all e-commerce transactions from subscribers. 
Exa",GoNet,,manual_ground_truth_index,"Ground-truth TOC: exact page ranges, no heuristics.",
c29edd65-8449-4572-be80-fabb4a4b5f5b,Orrington Office Supplies,Yale/Kellogg 2016.pdf,Yale,yale,2016,124,131,8,cases/Yale/Kellogg 2016/orrington-office-supplies.pdf,1.0,manual_override_kellogg_2016,False,Consumer Products,Profitability,,,,,"Our client, OOS is a leading manufacturer of office products in 1992, with sales of $275M in 1991. They have strong 
brands, invest heavily in marketing / advertising, and have grown through product line extensions and 4 key acquisitions.
OOS is organized into 5 autonomous divisions, but shares ma",Orrington Office Supplies,,manual_ground_truth_index,"Ground-truth TOC: exact page ranges, no heuristics.",
fcc96722-5a02-4165-a4ae-98a645111c3e,Winter Olympics Bidding,Yale/Kellogg 2016.pdf,Yale,yale,2016,132,136,5,cases/Yale/Kellogg 2016/winter-olympics-bidding.pdf,1.0,manual_override_kellogg_2016,False,Media & Entertainment,Investment,,,,,"Our client, a major US television network, is trying to figure out how much to bid for the exclusive right to broadcast the 
2018 Winter Olympics Games in the U.S.
The Winter Olympics are a huge deal and will require a significant amount of capital to secure the rights, so our client has 
brought",Winter Olympics Bidding,,manual_ground_truth_index,"Ground-truth TOC: exact page ranges, no heuristics.",
c22cbb86-c1f8-4548-be07-821f0f25a8f0,Vindaloo Corporation,Yale/Kellogg 2016.pdf,Yale,yale,2016,137,144,8,cases/Yale/Kellogg 2016/vindaloo-corporation.pdf,1.0,manual_override_kellogg_2016,False,Consumer products,Growth,,,,,"Our client, Vindaloo Corporation, is a small biotechnology company that has developed a new seed for sugar beets, which 
produces twice as much sugar as the seeds that are currently in use. Currently 100 beets produce 100 lbs of sugar or 
1lb/beet while the new seeds will produce 200 lbs of sugar,",Vindaloo Corporation,,manual_ground_truth_index,"Ground-truth TOC: exact page ranges, no heuristics.",
a8024028-adbd-4e8f-8a76-2101ff6b17f9,DigiBooks,Yale/Kellogg 2016.pdf,Yale,yale,2016,145,150,6,cases/Yale/Kellogg 2016/digibooks.pdf,1.0,manual_override_kellogg_2016,False,Tech/Telecom,Profitability,,,,Interviewer-led,"Our client, DigiBooks, is a manufacturer and seller of electronic book readers (tablets). DigiBooks also distributes e-books 
for the tablets through their website. The tablet is only compatible with books sold through the DigiBooks site.
DigiBooks is planning the launch of its tablets in a countr",DigiBooks,,manual_ground_truth_index,"Ground-truth TOC: exact page ranges, no heuristics.",
7cc75f80-ffbc-48b4-a4f3-4918ebf67288,Health Coaches,Yale/Kellogg 2016.pdf,Yale,yale,2016,151,156,6,cases/Yale/Kellogg 2016/health-coaches.pdf,1.0,manual_override_kellogg_2016,False,Healthcare,Profitability,,,,,"Our client is a large national health care payer (health insurance company, think Aetna) exploring the launch of a new 
disease management (“DM”) program to better serve its 5 million members. The idea is to hire and train a team of 
“Health Coaches” to specialize in a single disease area (e.g., he",Health Coaches,,manual_ground_truth_index,"Ground-truth TOC: exact page ranges, no heuristics.",
069ebe0b-3e79-4d8b-b9fd-095cac675c85,High Q Plastics,Yale/Kellogg 2016.pdf,Yale,yale,2016,157,164,8,cases/Yale/Kellogg 2016/high-q-plastics.pdf,1.0,manual_override_kellogg_2016,False,Industrial Goods,Profitability,,,,Interviewer-led,"Our client, High Q Plastics, is an automotive parts supplier in the U.S. They primarily manufacture and sell plastic 
injection-molded parts, such as grills, door handles, decorative trim etc., to automotive customers. 
The client has two primary revenue sources: large automotive OEMs, and afterma",High Q Plastics,,manual_ground_truth_index,"Ground-truth TOC: exact page ranges, no heuristics.",
cc2e1a5d-e3c1-43ca-af00-adb866a66b93,Zoo Co,Yale/Kellogg 2016.pdf,Yale,yale,2016,165,170,6,cases/Yale/Kellogg 2016/zoo-co.pdf,1.0,manual_override_kellogg_2016,False,Financial Services,M&A,,,,,"Our client is a zoo that is thinking about acquiring a famous zebra from an African preserve.
It’s a huge investment, but they believe the new zebra would be a great contribution to their animal community. You have 
been engaged to help decide whether this is a good idea. What would you consider w",Zoo Co,,manual_ground_truth_index,"Ground-truth TOC: exact page ranges, no heuristics.",
e9e2e6cc-92aa-4cc9-863e-9fcf7ba491d7,Syzygy Supercomputers,Yale/Kellogg 2016.pdf,Yale,yale,2016,171,177,7,cases/Yale/Kellogg 2016/syzygy-supercomputers.pdf,1.0,manual_override_kellogg_2016,False,Healthcare,Profitability,,,,Interviewer-led,"Our client is Thompson Healthcare, a health insurance firm located in the Midwest. 
Customers pay Thompson a fixed monthly premium per person covered under the plan. In exchange, Thompson pays for 
all health services that each member requires (e.g., physician care, prescription medications, hospi",Syzygy Supercomputers,,manual_ground_truth_index,"Ground-truth TOC: exact page ranges, no heuristics.",
696cc96a-71de-49a0-8fda-f97c24f46ad8,Thompson Healthcare,Yale/Kellogg 2016.pdf,Yale,yale,2016,178,186,9,cases/Yale/Kellogg 2016/thompson-healthcare.pdf,1.0,manual_override_kellogg_2016,False,Tech & Telecom,Profitability,,,,,"Syzygy Supercomputers is a large international fully-integrated computers and communications company with annual 
revenues of approximately $20 billion U.S. In the past several years, the company has seen a steady decline in profits.
The CEO has asked us to look into this problem. How can Syzygy S",Thompson Healthcare,,manual_ground_truth_index,"Ground-truth TOC: exact page ranges, no heuristics.",
a44197ad-3140-4aaa-bcdf-5cb2899fd8e9,Rock Energy,Yale/Kellogg 2016.pdf,Yale,yale,2016,187,191,5,cases/Yale/Kellogg 2016/rock-energy.pdf,1.0,manual_override_kellogg_2016,False,Energy,Profitability,,,,,"Rock Energy, an Oil & Gas company, is evaluating the purchase of one of three oil fields in Latin America.  After Rock 
Energy has decided which oil field to purchase, it will outsource all drilling related activities. You have been brought in to 
identify the best investment for Rock Energy.
How",Rock Energy,,manual_ground_truth_index,"Ground-truth TOC: exact page ranges, no heuristics.",
b9b645e9-9653-4b57-87cc-01e02934a65d,Chic Cosmetology,Yale/Kellogg 2016.pdf,Yale,yale,2016,192,198,7,cases/Yale/Kellogg 2016/chic-cosmetology.pdf,1.0,manual_override_kellogg_2016,False,Education,Market Entry,,,,,"Our client is a for-profit, specialty college named Chic Cosmetology University (CCU). Founded in 2005, CCU is a program 
for high school graduates seeking their professional cosmetology license. CCU is currently the market leader for 
cosmetology education with campuses in ten major metropolitan a",Chic Cosmetology,,manual_ground_truth_index,"Ground-truth TOC: exact page ranges, no heuristics.",
06f59aea-da52-44b5-bc44-3a6a09df9a82,Tacotle,Yale/Kellogg 2016.pdf,Yale,yale,2016,199,211,13,cases/Yale/Kellogg 2016/tacotle.pdf,1.0,manual_override_kellogg_2016,False,Restaurant,Profitability,,,,Interviewee-led,"Your client is Tacotle Co., a leading national fast casual restaurant with $420M in revenue in 2014.  Over the five years 
proceeding 2014, Tacotle has experienced steady revenue growth and industry leading profitability.  For the first time in its 15
year history, Tacotle has experienced three stra",Tacotle,,manual_ground_truth_index,"Ground-truth TOC: exact page ranges, no heuristics.",
7300aef0-5976-45a0-8b9f-5e8b51305063,Wine and Co,Yale/Kellogg 2016.pdf,Yale,yale,2016,212,218,7,cases/Yale/Kellogg 2016/wine-and-co.pdf,1.0,manual_override_kellogg_2016,False,CPG,Profitability,,,,Interviewer-led,"Wine & Co. is a niche wine manufacturer in the San Francisco Bay area. Wine & Co. recently acquired 12 acres of land 
outside San Francisco. The company wants to investigate opportunities to best use the land and needs a 
recommendation from you.
Guide to interviewer
The case tests the interviewee",Wine and Co,,manual_ground_truth_index,"Ground-truth TOC: exact page ranges, no heuristics.",
5f16f615-e89e-4348-a06d-7d14075b310c,A+ Airline Co,Yale/Kellogg 2016.pdf,Yale,yale,2016,219,224,6,cases/Yale/Kellogg 2016/a-airline-co.pdf,1.0,manual_override_kellogg_2016,False,Airline,Investment,,,,,"Our client is A+Airline Co., the third largest airline in the United States by passengers carried.  This week, we have been 
flying on our primary competitor, Gamma airline, and we noticed something interesting; they stopped accepting cash for 
in-flight food and beverage services and they now only",A+ Airline Co,,manual_ground_truth_index,"Ground-truth TOC: exact page ranges, no heuristics.",
6c426d28-9d36-42a5-9125-9a3a4f2b3181,Bell Computer,Yale/Kellogg 2016.pdf,Yale,yale,2016,225,231,7,cases/Yale/Kellogg 2016/bell-computer.pdf,1.0,manual_override_kellogg_2016,False,Tech/Telecom,Profitability,,,,,"Our client, Bell Computer Inc., is the second largest PC manufacturer, by unit sales, in the United States. Over the past 5 
years, Bell has been gaining market share and growing revenue, but at the same time, their net income is eroding.
The founder of Bell has returned to the company and taken o",Bell Computer,,manual_ground_truth_index,"Ground-truth TOC: exact page ranges, no heuristics.",
4ccd6715-7ea7-4e90-be92-b304a4aa1ccc,Montoya Soup,Yale/Kellogg 2016.pdf,Yale,yale,2016,232,240,9,cases/Yale/Kellogg 2016/montoya-soup.pdf,1.0,manual_override_kellogg_2016,False,CPG,Profitability,,,,,"Clarifying answers to provide
A model framework should include the following
Profit 
Down
Revenue 
Down
Costs Up
Mix
Volume
Price
Fixed
Cannibalization 
by lower margin
Variable
High margin 
product exit
Candidate reflections / initial hypothesis should include
In F14, Montoya Soup Co., a Business U",Montoya Soup,,manual_ground_truth_index,"Ground-truth TOC: exact page ranges, no heuristics.",
f7d20271-35fe-49a0-9a1c-55841f725274,After School Programming,Yale/Kellogg 2016.pdf,Yale,yale,2016,241,277,37,cases/Yale/Kellogg 2016/after-school-programming.pdf,1.0,manual_override_kellogg_2016,False,Other (Non-Profit),Growth,,,,Interviewer-led,"It is 2015, and our client offers after school programming focused on supporting at-risk youth through high school, 
enabling them to enter and succeed in college. 
The client is trying to identify the best approach to meet its growth target. The client’s goals for expansion are to most 
efficient",After School Programming,,manual_ground_truth_index,"Ground-truth TOC: exact page ranges, no heuristics.",
289cb665-f499-4cd2-be5b-42a434c2e5ce,Avalon,Yale/Kellogg 2023.pdf,Yale,yale,2023,52,61,10,cases/Yale/Kellogg 2023/avalon.pdf,1.0,manual_override_kellogg_2023,False,Energy,Growth,,,,Interviewer-led,"• Our client is Avalon government, particularly the Avalon department of energy. Avalon is a small developing country. The 
department is responsible for all electricity production inside the country. 
• The country is doing very well with GDP growth at 5% on average over the last decade. As economi",Avalon,,manual_ground_truth_index,"Ground-truth TOC: exact page ranges, no heuristics.",
0c28a297-8e68-4b07-bd61-f746dfa183e2,Busch's Barber Shop,Yale/Kellogg 2023.pdf,Yale,yale,2023,62,72,11,cases/Yale/Kellogg 2023/busch-s-barber-shop.pdf,1.0,manual_override_kellogg_2023,False,,Profitability,,,,,"• Your friend, a current MBA student, has his heart set on starting a barbershop in Evanston after graduation.
• There are plenty of barbershops and salons near the Northwestern campus, but your eager friend argues they are either (A) vastly
overpriced or (B) cheap, but really low quality.
• He want",Busch's Barber Shop,,manual_ground_truth_index,"Ground-truth TOC: exact page ranges, no heuristics.; industry not extracted",
d4ef9289-7133-4779-b615-f461901bafca,Bubbly LLC,Yale/Kellogg 2023.pdf,Yale,yale,2023,73,83,11,cases/Yale/Kellogg 2023/bubbly-llc.pdf,1.0,manual_override_kellogg_2023,False,Retail / CPG,Market Entry,,,,Interviewer-led,"• Our client, Bubbly LLC, is a company that specializes in low-cost hand soap products that are distributed only in the United States
• The company has one manufacturing facility in the U.S., and last year, 2014, it reached maximum capacity of 1M units
• Given the location of their raw materials, Bu",Bubbly LLC,,manual_ground_truth_index,"Ground-truth TOC: exact page ranges, no heuristics.",
2fce091f-08ac-4c55-a831-f373f5aaa872,Chicoure Cycle,Yale/Kellogg 2023.pdf,Yale,yale,2023,93,104,12,cases/Yale/Kellogg 2023/chicoure-cycle.pdf,1.0,manual_override_kellogg_2023,False,,Market Entry,,,,,"• Our client, Chicouver Cycle (pronounced “Chai-cover”), is a bikesharing startup. Like other bikeshare operators in cities around the 
world, Chicouver Cycle owns bicycles and rents them out to users one trip at a time.
• Chicouver Cycle wants to know how they should launch operations in the city o",Chicoure Cycle,,manual_ground_truth_index,"Ground-truth TOC: exact page ranges, no heuristics.; industry not extracted",
549850f1-18f7-41d1-a24e-43676b1a9c09,Events.com,Yale/Kellogg 2023.pdf,Yale,yale,2023,126,135,10,cases/Yale/Kellogg 2023/events-com.pdf,1.0,manual_override_kellogg_2023,False,Technology,Pricing,,,,,"• Our client is Prospect Equity Partners (‘Prospect’), a prominent Private Equity firm that invests in the technology space. They have 
recently acquired Events.com due to strong commercial wins and momentum in the market
• Events.com is a leading SaaS-based registration/ticketing platform for Endur",Events.com,,manual_ground_truth_index,"Ground-truth TOC: exact page ranges, no heuristics.",
9d99bb83-f4b4-46d5-912b-2044794b795a,Garthwaite Healthcare,Yale/Kellogg 2023.pdf,Yale,yale,2023,136,143,8,cases/Yale/Kellogg 2023/garthwaite-healthcare.pdf,1.0,manual_override_kellogg_2023,False,Healthcare,Profitability,,,,Interviewer-led,"• Our client is Garthwaite Healthcare Co (GHC), a health insurance firm located in the Midwest. 
• Customers pay GHC a fixed monthly premium per person covered under the plan. In exchange, GHC pays for all health services 
that each member requires (eg. physician care, prescription medications, hosp",Garthwaite Healthcare,,manual_ground_truth_index,"Ground-truth TOC: exact page ranges, no heuristics.",
b3ac6eeb-0199-4a78-a5bc-1b518e4fb054,Healthy Foods,Yale/Kellogg 2023.pdf,Yale,yale,2023,154,164,11,cases/Yale/Kellogg 2023/healthy-foods.pdf,1.0,manual_override_kellogg_2023,False,Retail / CPG,Growth,,,,,"• Our client is Healthy Foods, a wholesaler serving a variety of clients with Food products. The client is profitable but they want you 
to help them find revenue growth opportunities from their current business.
• How can we help Healthy Foods drive their revenue growth?
Interviewer guide
• Problem",Healthy Foods,,manual_ground_truth_index,"Ground-truth TOC: exact page ranges, no heuristics.",
2146b817-5416-4901-832b-2f95a6f4e935,Kellogg Capital,Yale/Kellogg 2023.pdf,Yale,yale,2023,177,189,13,cases/Yale/Kellogg 2023/kellogg-capital.pdf,1.0,manual_override_kellogg_2023,False,Financial Services,Market Entry,,,,Interviewer-led,"• The Chief Strategy and Innovation Officer of Kellogg Capital, an Evanston-based asset management firm, has retained you to help 
with her top priority of the year (2021). 
• Kellogg Capital has amassed $5 billion in assets under management (AUM) since its founding in 2015. However, despite stellar",Kellogg Capital,,manual_ground_truth_index,"Ground-truth TOC: exact page ranges, no heuristics.",
eeb02fd1-3bf7-487e-b22d-11226bba3ebc,Kellogg Klogs,Yale/Kellogg 2023.pdf,Yale,yale,2023,201,214,14,cases/Yale/Kellogg 2023/kellogg-klogs.pdf,1.0,manual_override_kellogg_2023,False,Retail / CPG,Market Entry,,,,Interviewee-led,"• Our client, Kellogg Klogs, is startup that has received significant funding to launch the market’s first eco-friendly, stylish clogs, 
produced from sustainable plant-based materials.
• Kellogg Klogs already has a perfect sustainable prototype ready to launch. The shoe has received positive feedba",Kellogg Klogs,,manual_ground_truth_index,"Ground-truth TOC: exact page ranges, no heuristics.",
12c361c7-5c02-4629-8daf-dbd1352b5ad7,Mustard Clinic,Yale/Kellogg 2023.pdf,Yale,yale,2023,240,249,10,cases/Yale/Kellogg 2023/mustard-clinic.pdf,1.0,manual_override_kellogg_2023,False,Healthcare,Profitability,,,,Interviewer-led,"• Your client is the CEO of the Mustard Clinic, a for-profit hospital in the United States.
• The hospital is known primarily for its leading care for babies and young children.
• Patients pay a fixed fee to access services on arrival, and all subsequent costs are borne by the Mustard Clinic.
• Suga",Mustard Clinic,,manual_ground_truth_index,"Ground-truth TOC: exact page ranges, no heuristics.",
99474bee-7aa9-4893-8964-de3dba4eb279,Salty Sole Shoe,Yale/Kellogg 2023.pdf,Yale,yale,2023,276,285,10,cases/Yale/Kellogg 2023/salty-sole-shoe.pdf,1.0,manual_override_kellogg_2023,False,Retail / CPG,Pricing,,,,,"• Your client is a large retail-focused private equity firm that owns Salty Sole, a leading designer of junior women’s footwear, primarily 
targeting the 14 – 22 year old age group. 
• Salty Sole was purchased last year by the private equity firm expecting to realize substantial profits upon sale in",Salty Sole Shoe,,manual_ground_truth_index,"Ground-truth TOC: exact page ranges, no heuristics.",
73a558be-a940-49d9-b329-56619e41118b,Solsand Sports,Yale/Kellogg 2023.pdf,Yale,yale,2023,286,293,8,cases/Yale/Kellogg 2023/solsand-sports.pdf,1.0,manual_override_kellogg_2023,False,,Market Entry,,,,,"• Your client, Sosland (pronounced sauce-land) Sports, is an operator of squash centers in Sweden. The squash centers 
include sauna, spa, pool, gym and - of course - the squash courts!
• Due to the extreme success in Sweden the company is considering expanding to other countries in Europe, in parti",Solsand Sports,,manual_ground_truth_index,"Ground-truth TOC: exact page ranges, no heuristics.; industry not extracted",
c467181b-9d5f-4989-a14f-f92faecf4793,Swagger Llamas,Yale/Kellogg 2023.pdf,Yale,yale,2023,294,305,12,cases/Yale/Kellogg 2023/swagger-llamas.pdf,1.0,manual_override_kellogg_2023,False,,Growth,,,,,"• It is the year 2025. Our client is Swagger Llamas, a start-up that was founded in 2020 by a Kellogg graduate who participated in
KWEST Peru and was inspired by the famous “Goat 2 Meeting” service that took the world of virtual meetings by storm during the 
2020 pandemic.
• Swagger Llamas targets T",Swagger Llamas,,manual_ground_truth_index,"Ground-truth TOC: exact page ranges, no heuristics.; industry not extracted",
715349bb-3a8c-49e6-95e8-f790dda24630,Wildcat Wings,Yale/Kellogg 2023.pdf,Yale,yale,2023,332,341,10,cases/Yale/Kellogg 2023/wildcat-wings.pdf,1.0,manual_override_kellogg_2023,False,Airlines / Transportation,Operations,,,,,"• Our client is Wildcat Wings, the third largest airline in the United States by passengers carried. This week, the CEO flew with our 
primary competitor, Phoenix Air, and she noticed something interesting: Phoenix has stopped accepting cash for in-flight food and 
beverage services and they now onl",Wildcat Wings,,manual_ground_truth_index,"Ground-truth TOC: exact page ranges, no heuristics.",
b3046a64-d5dd-452b-9222-48168d545ac6,Wine & Co,Yale/Kellogg 2023.pdf,Yale,yale,2023,342,351,10,cases/Yale/Kellogg 2023/wine-co.pdf,1.0,manual_override_kellogg_2023,False,Healthcare,Profitability,,,,Interviewer-led,"• Wine & Co is a niche wine manufacturer in the San Francisco Bay area. Wine & Co recently acquired 12 acres of land outside San 
Francisco.
• The company wants to investigate opportunities to best use the land and needs a recommendation from you.
• What are the different ways in which Wine & Co can",Wine & Co,,manual_ground_truth_index,"Ground-truth TOC: exact page ranges, no heuristics.",
4dc8cbbe-89a4-478e-9220-a66ab6ec67a7,Evanston Eagles,Yale/Kellogg 2023.pdf,Yale,yale,2023,376,388,13,cases/Yale/Kellogg 2023/evanston-eagles.pdf,1.0,manual_override_kellogg_2023,False,Media / Entertainment,Operations,,,,,"• Our client is the general manager of the Evanston Eagles, Evanston’s professional basketball team
• It’s halfway through the season and the Eagles’ star player, Tripp Richmond, suffered a serious injury in last night’s game. Specifically, 
Richmond’s left ankle buckled as he landed after collectin",Evanston Eagles,,manual_ground_truth_index,"Ground-truth TOC: exact page ranges, no heuristics.",
888c9485-9082-464f-99d2-82d366883208,Lobster Woman,Yale/Kellogg 2023.pdf,Yale,yale,2023,389,403,15,cases/Yale/Kellogg 2023/lobster-woman.pdf,1.0,manual_override_kellogg_2023,False,• Lobster Fishing – Lobster are a large marine crustacean which are a culinary d,M&A,,,,,"• While on vacation in a mid-sized (~70,000 population) city on the coast of Maine, you meet a high school student who is so 
impressed by your MBA that she asks you for career advice.
• She loves the ocean and wants to become a career lobster fisherman (Lobster-Woman) like her mother and many of he",Lobster Woman,,manual_ground_truth_index,"Ground-truth TOC: exact page ranges, no heuristics.",
2e9c8b87-7462-4485-8c52-07419352b9e1,American Bank ATM Dilemma,Yale/Ross 2019.pdf,Yale,yale,2019,24,39,16,cases/Yale/Ross 2019/american-bank-atm-dilemma.pdf,1.0,manual_override_ross_2019,False,Technology,Profitability,,,,Interviewee-led,"Our client, American Bank, is a national retail bank operating in the US. ATMs have 
traditionally been a profitable channel, but the bank has started seeing declining operating 
profits from its ATMs. The CEO has hired your firm to help her analyze the reasons for this 
decline and solutions to imp",American Bank ATM Dilemma,,manual_ground_truth_index,"Ground-truth TOC: exact page ranges, no heuristics.",
f6ab44f3-3a8e-4a9b-a4e3-cf3d2754b21a,Harrison Energy EV Goals,Yale/Ross 2019.pdf,Yale,yale,2019,40,51,12,cases/Yale/Ross 2019/harrison-energy-ev-goals.pdf,1.0,manual_override_ross_2019,False,Energy,Market Entry,,,,Interviewee-led,"Our client, Harrison Energy, is one of the largest power & utilities companies in the US. You 
are in the year 2018, and the CEO sees electric vehicles as an attractive market and wants to 
enter the space. She needs help understanding how and when to enter the market, and the 
associated ROI. She h",Harrison Energy EV Goals,,manual_ground_truth_index,"Ground-truth TOC: exact page ranges, no heuristics.",
0922c7ef-878b-424d-8e53-6359450d3868,Bailey Brothers Bancorp,Yale/Ross 2019.pdf,Yale,yale,2019,52,59,8,cases/Yale/Ross 2019/bailey-brothers-bancorp.pdf,1.0,manual_override_ross_2019,False,Financial Services,Profitability,,,,,"Our client, Bailey Brothers, is a retail bank with several branches in Ann Arbor, Michigan. Their 
main competitor is Potter & Co., a regional bank that also operates in and around the Ann 
Arbor area. The CEO of Bailey Brothers, George Bailey, would like us to recommend ways to 
improve overall pro",Bailey Brothers Bancorp,,manual_ground_truth_index,"Ground-truth TOC: exact page ranges, no heuristics.",
34f0e55e-2bcc-4856-8fe8-2ad958d5382d,Orange Bank Co,Yale/Ross 2019.pdf,Yale,yale,2019,60,67,8,cases/Yale/Ross 2019/orange-bank-co.pdf,1.0,manual_override_ross_2019,False,Retail / CPG,M&A,,,,,"Our client, an Amsterdam based retail bank, has seen exceptional growth in the last 5 years. 
They are involved in commercial banking, investment banking and wealth management. 
Currently, they are looking to acquire another bank in Europe. The CEO of Bank Co has hired 
our firm to help identify an",Orange Bank Co,,manual_ground_truth_index,"Ground-truth TOC: exact page ranges, no heuristics.",
a666bb20-a594-4e91-a963-a2243e11ca20,ShopOp,Yale/Ross 2019.pdf,Yale,yale,2019,68,75,8,cases/Yale/Ross 2019/shopop.pdf,1.0,manual_override_ross_2019,False,Retail / CPG,Profitability,,,,,"Our client, a US based e-commerce company, ShopOn, has seen a rise in customer returns over 
the last few quarters. Even though its revenue and market share have been increasing every 
quarter, the CEO is concerned that customer returns will start impacting the margins soon. The 
CEO of ShopOn wants",ShopOp,,manual_ground_truth_index,"Ground-truth TOC: exact page ranges, no heuristics.",
4e4cd514-6ed0-4e32-8212-273da9686854,Ferris Wheel,Yale/Ross 2019.pdf,Yale,yale,2019,76,82,7,cases/Yale/Ross 2019/ferris-wheel.pdf,1.0,manual_override_ross_2019,False,Entertainment| New Investment Analysis,Investment,"Easy, Round 1 Case",,,Interviewee-led,"A friend of mine is super rich and is always looking into interesting investment opportunities. To raise funds 
for renovation, Ferris Wheel management in Chicago is considering inviting bids from High Net Worth 
Individuals (HNIs) to let them run the Wheel for a whole year, 7 years later.
As a fan",Ferris Wheel,,manual_ground_truth_index,"Ground-truth TOC: exact page ranges, no heuristics.",
87e5f980-a1f4-4dea-9bd0-fcc70141a69f,6PAQ P.E. Firm,Yale/Ross 2019.pdf,Yale,yale,2019,83,93,11,cases/Yale/Ross 2019/6paq-p-e-firm.pdf,1.0,manual_override_ross_2019,False,wide Trends from 2010-181:,Pricing,,,,Interviewer-led,"Your client, 6PAQ, is a small-market P.E. firm that specializes in suburban business 
development. 
One of its analysts identified two movie theaters in a small suburban area that separately or 
together might prove to be a good investment. Should your client, 6PAQ, purchase these movie 
theaters?
I",6PAQ P.E. Firm,,manual_ground_truth_index,"Ground-truth TOC: exact page ranges, no heuristics.",
ff7c42a0-00a4-42c2-bfb0-2337160e6d72,Hamm's University,Yale/Ross 2019.pdf,Yale,yale,2019,94,101,8,cases/Yale/Ross 2019/hamm-s-university.pdf,1.0,manual_override_ross_2019,False,,Profitability,,,,,"Our client, Hamm’s University, is a mid-size not for profit private university in the Midwest of 
the United States, well-known for its liquid gold colored sports uniforms. Over the last few 
years, Hamm’s University has received less state and federal aid, leading to a negative net margin. 
However",Hamm's University,,manual_ground_truth_index,"Ground-truth TOC: exact page ranges, no heuristics.; industry not extracted",
a137fbe4-a4e3-4171-bec7-e65a409ca5aa,Allsafe,Yale/Ross 2019.pdf,Yale,yale,2019,102,107,6,cases/Yale/Ross 2019/allsafe.pdf,1.0,manual_override_ross_2019,False,Technology,M&A,,,,,"Our client, Allsafe, a large insurance company, provides home, auto, renter’s and life insurance.
Recently, Allsafe acquired a technology firm specializing in data analytics software. As part of
the acquisition, Allsafe also acquired a smaller subsidiary, MarketMaven, a marketing analytics
software-",Allsafe,,manual_ground_truth_index,"Ground-truth TOC: exact page ranges, no heuristics.",
9b0eb2e2-cf25-402d-8ab1-1662f1ce7a50,Mega Pharma,Yale/Ross 2019.pdf,Yale,yale,2019,108,118,11,cases/Yale/Ross 2019/mega-pharma.pdf,1.0,manual_override_ross_2019,False,Retail / CPG,M&A,,,,,"Our client Mallgreens is a large pharma retail company. It wants to acquire a smaller pharmacy 
retailer, BrightAid. The operational footprint of the two companies looks like this:
Mallgreens wants us to assess this acquisition, and understand potential risks.
Information provided upon request:
•
Ma",Mega Pharma,,manual_ground_truth_index,"Ground-truth TOC: exact page ranges, no heuristics.",
764c980b-aedb-4314-9dc8-1ce3e13147e4,Mike Apparel,Yale/Ross 2019.pdf,Yale,yale,2019,119,126,8,cases/Yale/Ross 2019/mike-apparel.pdf,1.0,manual_override_ross_2019,False,Retail / CPG,Market Entry,,,,,"Our client, Mike Apparel, is a large apparel and sporting goods company. The client is interested 
in entering the women’s golf apparel market and is looking for guidance on whether this is a 
good idea. 
Information provided upon request:
•
Mike makes both produces and retails the goods in its own",Mike Apparel,,manual_ground_truth_index,"Ground-truth TOC: exact page ranges, no heuristics.",
fa43f1a6-9eb2-46f3-b224-bc75b913fdf9,PharmaDeliver,Yale/Ross 2019.pdf,Yale,yale,2019,127,138,12,cases/Yale/Ross 2019/pharmadeliver.pdf,1.0,manual_override_ross_2019,False,Healthcare,M&A,,,,,"Your client, PharmaDeliver, is a large pharmacy that provides both prescription and over the 
counter medications to patients.  With many new entrants in the healthcare industry, the 
company is evaluating ways to both improve the customer experience and invest in the future.  
In one initiative rel",PharmaDeliver,,manual_ground_truth_index,"Ground-truth TOC: exact page ranges, no heuristics.",
f676e852-8534-45e5-8819-3dfc3cf257e6,Single Cup of Coffee,Yale/Ross 2019.pdf,Yale,yale,2019,139,146,8,cases/Yale/Ross 2019/single-cup-of-coffee.pdf,1.0,manual_override_ross_2019,False,,Investment,,,,Interviewee-led,"Our client is a PE firm who is considering making an investment in a coffee equipment 
company that services office buildings. The company makes machines that use single cups 
(same thing as K-Cups) and sells the pods needed to make coffee. What is the market 
opportunity for this investment?
Interv",Single Cup of Coffee,,manual_ground_truth_index,"Ground-truth TOC: exact page ranges, no heuristics.; industry not extracted",
0335f400-de74-4210-a7ea-50e1936e4843,Cheesy Situation,Yale/Ross 2019.pdf,Yale,yale,2019,147,153,7,cases/Yale/Ross 2019/cheesy-situation.pdf,1.0,manual_override_ross_2019,False,,Profitability,,,,Interviewee-led,"Our client is a cheese producer based in Vermont. Currently, they produce two types of cheese: 
Cheddar and Gouda. While revenues have grown, their profits have been decreasing. They have 
asked us to help them understand why and what they can do to increase profits.
Interviewer Guidance
This is an",Cheesy Situation,,manual_ground_truth_index,"Ground-truth TOC: exact page ranges, no heuristics.; industry not extracted",
96969038-9c2f-4236-b321-80e3ad5828ef,Gaming Challenges,Yale/Ross 2022.pdf,Yale,yale,2022,26,36,11,cases/Yale/Ross 2022/gaming-challenges.pdf,1.0,manual_override_ross_2022,False,Media / Entertainment,Growth,,,,Interviewee-led,"Clarifying Information

28
Interviewer Information
•	The case starts with an open-ended brainstorming question, and becomes more straight-forward after the 
framework stage
•	The two exhibits are fairly simple to read and understand. The numbers on Exhibit 1 may seem slightly intimidating 
at first,",Gaming Challenges,,manual_ground_truth_index,"Ground-truth TOC: exact page ranges, no heuristics.",
254f208f-daae-485b-9ba8-259ac883aeb7,Household Cleaners Growth,Yale/Ross 2022.pdf,Yale,yale,2022,37,43,7,cases/Yale/Ross 2022/household-cleaners-growth.pdf,1.0,manual_override_ross_2022,False,Retail / CPG,Growth,,,,Interviewee-led,"Notes / Advice to Interview / How to Move Forward:
•	 This case is about growth both through internal actions and through acquisition. Initially, the candidate should brainstorm an 
array of possible growth strategies. Eventually, he or she will have to drill down on new products and acquisition, in",Household Cleaners Growth,,manual_ground_truth_index,"Ground-truth TOC: exact page ranges, no heuristics.",
04a060e8-a92c-475b-9295-f2f39dd57af1,Little Bud Co.,Yale/Ross 2022.pdf,Yale,yale,2022,44,49,6,cases/Yale/Ross 2022/little-bud-co.pdf,1.0,manual_override_ross_2022,False,Retail / CPG,Growth,,,,Interviewee-led,"Clarifying Information
Case 3 – Little Bud Co.

46
Revenue
•	Market Size
•	Distribution
•	Retailers
•	Restaurants/bars
•	Price
•	Product Mix
Competition 
•	Compare financials
•	Operations
•	Pricing
•	Buy/sell
Competition
•	Fixed Costs
•	PP&E
•	Distribution
•	Marketing
•	Variable Costs
•	COGS
•	Labor",Little Bud Co.,,manual_ground_truth_index,"Ground-truth TOC: exact page ranges, no heuristics.",
1c1af8a6-fe12-4825-8f4f-e34599d3bbee,GasCo Goes the Distance,Yale/Ross 2022.pdf,Yale,yale,2022,50,58,9,cases/Yale/Ross 2022/gasco-goes-the-distance.pdf,1.0,manual_override_ross_2022,False,Energy,Profitability,,,,Interviewee-led,"Clarifying Information

52
Interviewer Information
•	This case is based off a final round interview with a partner who worked in O&G. 
•	This case is meant to be qualitative and test the candidate to see how creative they can be during brainstorming. 
Brainstorming question:
•	What conditions might",GasCo Goes the Distance,,manual_ground_truth_index,"Ground-truth TOC: exact page ranges, no heuristics.",
e8cf3962-5525-4312-a1ac-ba39962afdcd,Rubicon Co.,Yale/Ross 2022.pdf,Yale,yale,2022,59,71,13,cases/Yale/Ross 2022/rubicon-co.pdf,1.0,manual_override_ross_2022,False,Airlines / Transportation,Growth,,,,Interviewee-led,"61
Interviewer Information
•	The CEO wants to increase profit by $100M
•	Assume Rubicon Co operates a single aircraft type across their fleet with similar seat layouts
•	Rubicon Co is an all economy airline, not looking to change the business model
•	At this point Rubicon Co is not looking to expand",Rubicon Co.,,manual_ground_truth_index,"Ground-truth TOC: exact page ranges, no heuristics.",
e2e2ba8b-704f-4dc7-abfd-ca8858381ed6,Spice Up Your Life,Yale/Ross 2022.pdf,Yale,yale,2022,72,82,11,cases/Yale/Ross 2022/spice-up-your-life.pdf,1.0,manual_override_ross_2022,False,Retail / CPG,M&A,,,,Interviewee-led,"•	 Financial Targets: SI seeks a Multiple of Invested Capital (MOIC) of 2x (i.e. it seeks to earn double the value of its investment by the end of the 
holding period).
•	 The fund has a holding period of 4 years, at which point the fund will sell the business.  SI is confident that they will be abl",Spice Up Your Life,,manual_ground_truth_index,"Ground-truth TOC: exact page ranges, no heuristics.",
d0e348a0-1046-4660-a2a4-2d95376047aa,Apogee Bank,Yale/Ross 2022.pdf,Yale,yale,2022,83,94,12,cases/Yale/Ross 2022/apogee-bank.pdf,1.0,manual_override_ross_2022,False,Technology,Growth,,,,Interviewee-led,"•	 Apogee Bank offers checking and savings accounts, as well as personal, mortgage and auto loans. 
•	 On the checking and savings accounts, Apogee bank makes money from service charges and account maintenance fees 
whereas it earns interests on loans.
•	 Apogee bank provides services through both b",Apogee Bank,,manual_ground_truth_index,"Ground-truth TOC: exact page ranges, no heuristics.",
92ab9ba1-d865-4c49-8817-52fe55b9f00b,Attack Helicopter,Yale/Ross 2022.pdf,Yale,yale,2022,95,101,7,cases/Yale/Ross 2022/attack-helicopter.pdf,1.0,manual_override_ross_2022,False,,Operations,,,,Interviewee-led,"Clarifying Information
Notes / Advice to Interview / How to Move Forward:
•	 Candidate should structure the framework to consider the elements for evaluating 3 countries
•	 Candidate should start with a financial analysis. If not, nudge them in this direction
•	 If candidate does not mention example",Attack Helicopter,,manual_ground_truth_index,"Ground-truth TOC: exact page ranges, no heuristics.; industry not extracted",
d273741e-85f9-4dec-acc1-d20ad392665c,FLC Sports League,Yale/Ross 2022.pdf,Yale,yale,2022,102,110,9,cases/Yale/Ross 2022/flc-sports-league.pdf,1.0,manual_override_ross_2022,False,,Market Entry,,,,Interviewee-led,"Notes / Advice to Interview / How to Move Forward:
•	 In this case, the candidate should NOT focus on FLC’s current existing costs. The main focus is to evaluate different options to 
expand FLC’s operations to meet the target NI growth.

104
•	This year, FLC’s revenue was ~$100M with 10% Net Income",FLC Sports League,,manual_ground_truth_index,"Ground-truth TOC: exact page ranges, no heuristics.; industry not extracted",
15199115-d0f1-4535-8dd1-883d3d7f2cad,Marie's Café,Yale/Ross 2022.pdf,Yale,yale,2022,111,120,10,cases/Yale/Ross 2022/marie-s-cafe.pdf,1.0,manual_override_ross_2022,False,Retail / CPG,Operations,,,,Interviewer-led,"Clarifying Information
Note:
•	 If the candidate touches on prices or costs, show Exhibit 1 and ask to calculate avg. profit / customer
•	 Next give candidate the relevant data points including Exhibit 2 and ask to calculate avg. profit / day

113
Market
•	Market growth
•	Changing consumer preferenc",Marie's Café,,manual_ground_truth_index,"Ground-truth TOC: exact page ranges, no heuristics.",
6b04e78d-b43f-407a-8737-d87939ba48ca,Midwest Hospital,Yale/Ross 2022.pdf,Yale,yale,2022,121,131,11,cases/Yale/Ross 2022/midwest-hospital.pdf,1.0,manual_override_ross_2022,False,Healthcare,Profitability,,,,Interviewer-led,"Clarifying Information
Note:
•	 At some point near the start of the case, interviewer should take the lead.
•	 Make Exhibit 1 and 2 available for the interviewee ahead of question 1 and 2.
Case 11 – Midwest Hospital

123
Profit = Revenues - Costs

Revenue
•	No. of Surgeries
•	Complexity of surgery
•",Midwest Hospital,,manual_ground_truth_index,"Ground-truth TOC: exact page ranges, no heuristics.",
62d57a02-159a-401b-aecf-a2273d92f13a,EuroRail,Yale/Ross 2022.pdf,Yale,yale,2022,132,139,8,cases/Yale/Ross 2022/eurorail.pdf,1.0,manual_override_ross_2022,False,,Growth,,,,Interviewee-led,"Clarifications (provide only if asked for):
Case 12 – EuroRail

134
Expected Framework
•	Introduce casinos on-board similar 
to casinos on cruise ships
•	Place advertisements inside 
and outside the trains to get ad-
revenues
•	Partner with luxury companies to 
drive commission-based sales 
onboard",EuroRail,,manual_ground_truth_index,"Ground-truth TOC: exact page ranges, no heuristics.; industry not extracted",
9100d752-92d2-4efe-96c0-ff8c7cd80b3e,DoWork,Yale/Ross 2022.pdf,Yale,yale,2022,140,151,12,cases/Yale/Ross 2022/dowork.pdf,1.0,manual_override_ross_2022,False,Technology,Growth,,,,Interviewee-led,"Clarifications (provide only if asked for):
Case 13 – DoWork

142
Expected Framework
•	Revenue 
•	Cost
•	Fixed Cost: Long term lease, 
labor
•	Variable Cost: negligible but 
limited to consumables like food 
and beverages, stationary etc
•	Organic: 
•	Price increase
•	Increase # customers
•	New cust",DoWork,,manual_ground_truth_index,"Ground-truth TOC: exact page ranges, no heuristics.",
c27dc3f8-2469-4e28-9cba-b191bda08e4f,Banana Heaven,Yale/Ross 2022.pdf,Yale,yale,2022,152,158,7,cases/Yale/Ross 2022/banana-heaven.pdf,1.0,manual_override_ross_2022,False,,Operations,,,,Interviewer-led,"It’s a McK style case, so just ensure that the interviewee understands the prompt and can use clarification questions to - 
•	 Summarize the prompt
•	 Ask you to repeat any information that the interviewee might have missed
Clarifications
Case 14 – Banana Heaven

154
Expected Framework
•	Market for",Banana Heaven,,manual_ground_truth_index,"Ground-truth TOC: exact page ranges, no heuristics.; industry not extracted",
4db6dfe7-87b6-45cb-ad16-22155ad8d8f7,One Tree Hill,Yale/Ross 2022.pdf,Yale,yale,2022,159,168,10,cases/Yale/Ross 2022/one-tree-hill.pdf,1.0,manual_override_ross_2022,False,,Operations,,,,Interviewee-led,"Clarifications (provide only if asked for):
Case 15 – One Tree Hill

161
Exhibit 1
Reforestation 
projects identified
Estimate carbon removal 
potential of project (carbon 
credits generated)
External Audit 
of estimates
Carbon Credits 
(CCs) certified
Sale of CCs
 to buyers
•	1 ton of CO2 removed b",One Tree Hill,,manual_ground_truth_index,"Ground-truth TOC: exact page ranges, no heuristics.; industry not extracted",
afd5c710-dd11-49a9-8bad-7481c15799c8,Alternative Milk,Yale/Ross 2022.pdf,Yale,yale,2022,169,176,8,cases/Yale/Ross 2022/alternative-milk.pdf,1.0,manual_override_ross_2022,False,Retail / CPG,Growth,,,,Interviewee-led,"Clarifications
Case 16 – Altnerative Milk

171
Expected Framework
•	Growth + size of market in US
•	Competition in the space
•	Customers preferences / trends 
in market 
•	Revenues in US 
•	# of Sales 
•	Current distribution channels 
(Supermarkets, ecommerce) 
•	Pricing
•	Costs in US
•	Variable Cos",Alternative Milk,,manual_ground_truth_index,"Ground-truth TOC: exact page ranges, no heuristics.",
5c4dfbe1-1237-4c96-98f1-288603abeff3,Jab We Profit,Yale/Ross 2022.pdf,Yale,yale,2022,177,186,10,cases/Yale/Ross 2022/jab-we-profit.pdf,1.0,manual_override_ross_2022,False,,Market Entry,,,,Interviewee-led,"Clarifications
Case 17 – Jab We Profit

179
Case flow (interviewer only)
Steps:
1.		 Interviewer reads the prompt and answers any clarifying questions
2.	 Candidate develops a framework referencing revenues and costs (among other possible things). Let the candidate pick if they want 	
	 to start wit",Jab We Profit,,manual_ground_truth_index,"Ground-truth TOC: exact page ranges, no heuristics.; industry not extracted",
0555bf57-c0c2-47f1-ba33-50010f203718,New England Trucks,Yale/Ross 2022.pdf,Yale,yale,2022,187,196,10,cases/Yale/Ross 2022/new-england-trucks.pdf,1.0,manual_override_ross_2022,False,,Operations,,,,Interviewer-led,"Clarifications
Case 18 – New England Trucks

189
Question 1
How would you advise the VP of Operations to bring the costs down further?
•	 Number of hubs
•	 Stations served by each hub
•	 Operating hours
Expected framework for Average Performance
Hubs
Personnel
Change Routes
New Initiatives
Usage
Nee",New England Trucks,,manual_ground_truth_index,"Ground-truth TOC: exact page ranges, no heuristics.; industry not extracted",
50bc8764-6cac-4f37-891c-bbe9b428bb67,The Pricing Games,Yale/Stern 2021.pdf,Yale,yale,2021,43,52,10,cases/Yale/Stern 2021/the-pricing-games.pdf,1.0,manual_override_stern_2021,False,Technology,Product Pricing,,,,BCG Round 1,"Your client is Next Level Gaming (NLG), a start-up in the E-sports and computer gaming industry based in Los Angeles, California. NLG is 
planning to launch its first game – an online, multiplayer role playing game that is unlike any existing franchise. Being a new player in the 
industry, NLG’s CEO",The Pricing Games,,manual_ground_truth_index,"Ground-truth list of cases: exact page ranges, no heuristics.",
54220cb8-8b37-45c5-9506-5ce767fd0e6d,Kungide,Yale/Stern 2021.pdf,Yale,yale,2021,53,62,10,cases/Yale/Stern 2021/kungide.pdf,1.0,manual_override_stern_2021,False,Industrial Products,Growth,,,,Interviewer-led,"Funguy Corporation is a small producer and wholesaler of agricultural fungicides. After a yearly financial review, 
they find one of their proprietary products, Formula X, is likely to be operating at a loss.
They ask you to quantify the exact loss and find options on how to return Formula X to prof",Kungide,,manual_ground_truth_index,"Ground-truth list of cases: exact page ranges, no heuristics.",
539dae54-f5ab-48a5-942c-2b870703d4ee,Men's Extra Comfortable Essentials,Yale/Stern 2021.pdf,Yale,yale,2021,63,72,10,cases/Yale/Stern 2021/men-s-extra-comfortable-essentials.pdf,1.0,manual_override_stern_2021,False,Consumer Goods,Growth Strategy,,,,Interviewer-led,"Our client, Men’s Extra Comfortable Essentials, is a US-based manufacturer of basic apparel including socks, tanks, tees, 
and underwear. They manufacture each apparel line then brand and package them for distribution. Revenues in 2016 were 
$60M, and the CEO has promised shareholders 4x growth by 2",Men's Extra Comfortable Essentials,,manual_ground_truth_index,"Ground-truth list of cases: exact page ranges, no heuristics.",
50dcbffc-2a96-46e7-88c4-fa9fe87ecd68,Dirty (Hot) Dogs,Yale/Stern 2021.pdf,Yale,yale,2021,73,81,9,cases/Yale/Stern 2021/dirty-hot-dogs.pdf,1.0,manual_override_stern_2021,False,Food and Beverage,Operations,,,,Interviewee-led,"Your client is the owner of Dirty Dogs LLC, a 2-location New York restaurant and bar, specializing in hot dogs and other sausages. The 
client has found early success with her customers and is very optimistic about expanding her business. However, being risk averse, she 
needs your advice on the nex",Dirty (Hot) Dogs,,manual_ground_truth_index,"Ground-truth list of cases: exact page ranges, no heuristics.",
b5eac2db-876d-4444-b43c-bc865d5c106b,WiFi in the Sky,Yale/Stern 2021.pdf,Yale,yale,2021,82,91,10,cases/Yale/Stern 2021/wifi-in-the-sky.pdf,1.0,manual_override_stern_2021,False,Airline,Market Entry,,,,Interviewer-led,"Your firm has won an RFP to help a domestic airline carrier examine their in-flight connectivity (IFC) strategy. With 80% of US-
based aircraft already outfitted with IFC technology and competitive pressures rising, offering WiFi service is becoming table-
stakes. Your client has yet to enter the ga",WiFi in the Sky,,manual_ground_truth_index,"Ground-truth list of cases: exact page ranges, no heuristics.",
c304f050-8b1c-4544-aa98-b2173dae708e,Tres Burritos,Yale/Stern 2021.pdf,Yale,yale,2021,92,100,9,cases/Yale/Stern 2021/tres-burritos.pdf,1.0,manual_override_stern_2021,False,Restaurant,Profitability,,,,Interviewer-led,"Your client is a national burrito chain with 100 locations. There has been a widespread flu virus growing in the 
U.S. which has the potential to hurt their business. They need your help deciding how they should respond to the 
virus in NYC specifically, and what the implications will be for their b",Tres Burritos,,manual_ground_truth_index,"Ground-truth list of cases: exact page ranges, no heuristics.",
48fe8cc1-1323-411d-9826-1bcabb0fccea,FlashPro,Yale/Stern 2021.pdf,Yale,yale,2021,101,110,10,cases/Yale/Stern 2021/flashpro.pdf,1.0,manual_override_stern_2021,False,Technology,Growth,,,,Interviewer-led,"Your client is FlashPro Inc., a San Francisco based technology company that develops and sells wearable and mountable 
action cameras. FlashPro’s CEO believes that the company’s growth has stagnated and has hired your firm to remedy that 
issue.
FlashPro
101
Case Overview:
Industry: Technology
Case",FlashPro,,manual_ground_truth_index,"Ground-truth list of cases: exact page ranges, no heuristics.",
ebc789fe-c7e5-40d0-b4d4-f7a3299fc0fa,Uranus Co.,Yale/Stern 2021.pdf,Yale,yale,2021,111,121,11,cases/Yale/Stern 2021/uranus-co.pdf,1.0,manual_override_stern_2021,False,Travel/Hospitality,Market Entry,,,,Interviewee-led,"Uranus Co., founded in 1969 by Jack Kanof, is an established aerospace company looking to penetrate the 
luxury space travel market. It is looking for advice on the global launch of its new travel service, which will be a 2-
week cruise experience on a spaceship orbiting earth. Uranus is trying to d",Uranus Co.,,manual_ground_truth_index,"Ground-truth list of cases: exact page ranges, no heuristics.",
a3cad1cb-dbca-4832-ba1f-852dce6fa20b,Stance at a Distance,Yale/Stern 2021.pdf,Yale,yale,2021,122,135,14,cases/Yale/Stern 2021/stance-at-a-distance.pdf,1.0,manual_override_stern_2021,False,Education (Public Sector),Profitability,,,,Interviewee-led,"Our firm has just wrapped up a project with The Stance School, which offers K-12 education in Philadelphia, to help them 
with developing two major strategic initiatives. The first initiative, which is the priority, is an e-learning platform for their 
students to facilitate remote learning, in resp",Stance at a Distance,,manual_ground_truth_index,"Ground-truth list of cases: exact page ranges, no heuristics.",
3c990763-17e9-4f49-9b44-f0cfd0f89031,Grad-U-Date,Yale/Stern 2021.pdf,Yale,yale,2021,136,145,10,cases/Yale/Stern 2021/grad-u-date.pdf,1.0,manual_override_stern_2021,False,Online Dating,Pricing,,,,Interviewee-led,"Our client is an online dating startup named Grad-U-Date, which specializes in matching graduate students with other 
graduate students. Grad-U-Date has finished building their app and are now looking for your assistance in deciding on a 
monetization strategy. 
What is Grad-U-Date’s best method of",Grad-U-Date,,manual_ground_truth_index,"Ground-truth list of cases: exact page ranges, no heuristics.",
83d5d52c-e16a-469e-b462-b415ef0d9ddd,Get-Health,Yale/Stern 2021.pdf,Yale,yale,2021,146,153,8,cases/Yale/Stern 2021/get-health.pdf,1.0,manual_override_stern_2021,False,Healthcare,Growth,,,,,,Get-Health,,manual_ground_truth_index,"Ground-truth list of cases: exact page ranges, no heuristics.",
36ac664e-8520-4b5f-8394-c414cdc10a02,Hook Co.,Yale/Stern 2021.pdf,Yale,yale,2021,154,165,12,cases/Yale/Stern 2021/hook-co.pdf,1.0,manual_override_stern_2021,False,PE / Hospitality,M&A,,,,Interviewee-led,"Your client Fun Ventures, an established PE firm, is looking to acquire Nook Co., a hospitality group that 
specializes in developing and transforming uninhabited islands into premium and private vacation destinations.
Nook Co. proposed an initial offer of $1.5 Billion. Fun Ventures would like your",Hook Co.,,manual_ground_truth_index,"Ground-truth list of cases: exact page ranges, no heuristics.",
64dc6721-401d-4e39-9968-b40ea109d284,Chocolate,Yale/Stern 2021.pdf,Yale,yale,2021,166,170,5,cases/Yale/Stern 2021/chocolate.pdf,1.0,manual_override_stern_2021,False,Consumer Goods,Market Entry,,,,Interviewer-led,"Chococo is a premium chocolate company based in Lima, Peru. The company has been operating profitably in 
its first few years of business and is now looking to expand into the United States. What should Chococo
consider before launching this expansion? 
Authors: Justin Sable, Sam Knopf, Molly Joyce",Chocolate,,manual_ground_truth_index,"Ground-truth list of cases: exact page ranges, no heuristics.",
b218abce-be01-461f-9603-3dc649e1e973,Royal Cinema,Yale/Stern 2021.pdf,Yale,yale,2021,171,180,10,cases/Yale/Stern 2021/royal-cinema.pdf,1.0,manual_override_stern_2021,False,Entertainment,Market Entry,,,,Interviewee-led,"Your client is Royal Cinemas, a NYC theater chain. Their revenue has been badly hurt by decreasing ticket sales, 
which are at their lowest point since 1996 for both the chain and the industry at large. Royal Cinemas is 
interested converting their theaters into luxury cinemas. Should they do it?
*Q",Royal Cinema,,manual_ground_truth_index,"Ground-truth list of cases: exact page ranges, no heuristics.",
e92ee36c-6e9c-4b2c-a2d3-baa4d9dea6de,Adventure Capital,Yale/Stern 2021.pdf,Yale,yale,2021,181,188,8,cases/Yale/Stern 2021/adventure-capital.pdf,1.0,manual_override_stern_2021,False,Archeology,Investment Decision,,,,Interviewer-led,"Your client is Idaho Johnson, an archeologist/adventurer who specializes in rare artifact recovery. They have just 
learned about the possibility of an incredibly valuable 6,000 year old crown buried in the Siwa Oasis of 
Northwestern Egypt. You have been hired to determine whether Idaho should laun",Adventure Capital,,manual_ground_truth_index,"Ground-truth list of cases: exact page ranges, no heuristics.",
0f60698e-2b29-4174-b386-3560a5862b0d,Steel Co.,Yale/Stern 2021.pdf,Yale,yale,2021,189,197,9,cases/Yale/Stern 2021/steel-co.pdf,1.0,manual_override_stern_2021,False,Industrial Goods,Cost Saving,,,,Interviewee-led,"Our client is a steel manufacturing company in the Netherlands. They are considering investing in an advanced analytics tool that will 
help them better predict inventory schedule. They are also looking at immediate methods to save costs and would like your help with the 
following: 
A) Steel coils",Steel Co.,,manual_ground_truth_index,"Ground-truth list of cases: exact page ranges, no heuristics.",
2fd27f38-c54d-4f7c-bfae-a42778f6263e,All Night Long,Yale/Stern 2021.pdf,Yale,yale,2021,198,203,6,cases/Yale/Stern 2021/all-night-long.pdf,1.0,manual_override_stern_2021,False,,,,,,,,All Night Long,,manual_ground_truth_index,"Ground-truth list of cases: exact page ranges, no heuristics.; industry not extracted; case_type not extracted",
ec8846f1-dcc4-4fbc-9e9d-f09f90b5b126,Is Teleconferencing a Good Call?,Yale/Stern 2021.pdf,Yale,yale,2021,204,212,9,cases/Yale/Stern 2021/is-teleconferencing-a-good-call.pdf,1.0,manual_override_stern_2021,False,Financial Services,"IT, Cost Analysis",,,,Interviewer-led,"Your client is a national wealth management firm within a larger bank. The current CIO has created a test pilot of a cutting-edge virtual 
conferencing software in the NYC office. The firm currently employs many Wealth Advisors who meet clients at satellite offices around 
the country and is decidin",Is Teleconferencing a Good Call?,,manual_ground_truth_index,"Ground-truth list of cases: exact page ranges, no heuristics.",
8ee70c20-ae0d-4857-b53e-4e18d2c7055e,Apple of My Eye,Yale/Stern 2021.pdf,Yale,yale,2021,213,220,8,cases/Yale/Stern 2021/apple-of-my-eye.pdf,1.0,manual_override_stern_2021,False,Food & Beverage,Market Entry,,,,Interviewee-led,"Bob is a master brewer and has been brewing beer for the past decade. Upon graduating from Stern, he opened a brewery on the 
Upper West Side called Something Witty that features Belgian Witbier styled brews. While he found early success, he has noticed an 
increase in customers asking for gluten-fr",Apple of My Eye,,manual_ground_truth_index,"Ground-truth list of cases: exact page ranges, no heuristics.",
4b5f5af5-1e13-4a4a-b3a9-a75cb8b2f162,Jimmy's Dilemma,Yale/Stern 2021.pdf,Yale,yale,2021,221,231,11,cases/Yale/Stern 2021/jimmy-s-dilemma.pdf,1.0,manual_override_stern_2021,False,Recruiting,Investment Decision,,,,Interviewee-led,"It is early October, and Jimmy Smith, an MBA2 at NYU Stern, has a decision to make. After a summer interning at Firm A, Jimmy 
received an offer to return full-time next year. However, Jimmy also decided to re-recruit and received a competing offer from Firm B. 
Jimmy now needs to decide which offer",Jimmy's Dilemma,,manual_ground_truth_index,"Ground-truth list of cases: exact page ranges, no heuristics.",
5e4e8bca-859e-4304-a58c-4f0c386540c9,Apartment Co.,Yale/Stern 2021.pdf,Yale,yale,2021,232,242,11,cases/Yale/Stern 2021/apartment-co.pdf,1.0,manual_override_stern_2021,False,Real Estate,Profitability,,,,Interviewee-led,"Apartment Co is a residential real estate company that owns and operates 10 buildings throughout three different boroughs within New York. The buildings were built 
between 1975 and 1990 and have been under Apartment Co.’s management. since that time. Apartment Co. prides itself on offering affordab",Apartment Co.,,manual_ground_truth_index,"Ground-truth list of cases: exact page ranges, no heuristics.",
a4ccffdb-432e-408b-8078-ea4aa0a0975e,Great Burger,Yale/Stern 2021.pdf,Yale,yale,2021,243,253,11,cases/Yale/Stern 2021/great-burger.pdf,1.0,manual_override_stern_2021,False,Fast Food,M&A,,,,McKinsey Round 2,"Let’s assume our client is Great Burger (GB) a fast food chain that competes head–to-head with McDonald’s, Wendy’s, Burger King, KFC, 
etc. GB is the fourth largest fast food chain worldwide, measured by the number of stores in operation.  As most of its competitors do, GB 
offers food and “combos”",Great Burger,,manual_ground_truth_index,"Ground-truth list of cases: exact page ranges, no heuristics.",
5835b97c-4fbd-4aad-9732-3cbded1e5032,Drinks Gone Flat,Yale/Stern 2021.pdf,Yale,yale,2021,254,261,8,cases/Yale/Stern 2021/drinks-gone-flat.pdf,1.0,manual_override_stern_2021,False,Retail,Revenue Growth,,,,Interviewer-led,"The beverage department of a regional supermarket has seen a drop in revenue over the last year and has hired 
your firm to determine the cause of the decline and recommend ways to reverse the trend.
Quant: 7
Structure: 6
*Quant indicates how much math is involved and Structure represents the 
level",Drinks Gone Flat,,manual_ground_truth_index,"Ground-truth list of cases: exact page ranges, no heuristics.",
b5c0a1a5-9c11-4a47-ad3e-0240eaa0acfd,Tofu Foundation,Yale/Stern 2021.pdf,Yale,yale,2021,262,271,10,cases/Yale/Stern 2021/tofu-foundation.pdf,1.0,manual_override_stern_2021,False,Non-Profit,Profitability,,,,Interviewer-led,"Our client, the Toto Foundation, is a new non-profit arm of a well-known drone manufacturing and logistics 
company that is exploring aid projects in Africa. Our client is seeking your expertise to determine where and how 
to deploy their technology to have the maximum impact.
*Quant indicates how m",Tofu Foundation,,manual_ground_truth_index,"Ground-truth list of cases: exact page ranges, no heuristics.",
7c08754c-f67a-4209-b390-71c6af3a68c4,Cups,Yale/Stern 2021.pdf,Yale,yale,2021,272,287,16,cases/Yale/Stern 2021/cups.pdf,1.0,manual_override_stern_2021,False,Consumer Packaged Goods,Pricing,,,,Interviewer-led,"Your client is Proctor & Gamble, which owns Tampax and Always, leading menstrual product brands in the US. 
With the rise in sustainability focused products, P&G’s in-house R&D team has developed a hypoallergenic and 
eco-friendly high-grade silicone material for use in upcoming products launches. T",Cups,,manual_ground_truth_index,"Ground-truth list of cases: exact page ranges, no heuristics.",
c47d78ee-1e6b-4882-8da4-06c0e73d1d81,One Man's Trash,Yale/Stern 2025.pdf,Yale,yale,2025,41,47,7,cases/Yale/Stern 2025/one-man-s-trash.pdf,1.0,manual_override_stern_2025,False,Waste Management,Profitability,headed and use their logic and problem solving skills to break down a,,,Interviewer-led,"Your client is Gremlin Services, a U.S. waste management company which services residential, commercial, and 
municipal clients. Gremlin Services received information suggesting that several of their landfills might contain 
discarded hard drives with access to substantial cryptocurrency assets. You",One Man's Trash,,manual_ground_truth_index,"Ground-truth Casing Contents: exact page ranges, no heuristics.",
b9292295-d393-4778-9643-b4146826f16b,GGC Health,Yale/Stern 2025.pdf,Yale,yale,2025,123,131,9,cases/Yale/Stern 2025/ggc-health.pdf,1.0,manual_override_stern_2025,False,Healthcare,Revenue growth,,,,Interviewee-led,"Our client, GGC Health, operates eight Ambulatory Surgical Centers (ASC) on the east coast. GGC Health has  
consistently been a profitable organization, but over the past two years, their ASCs’ cumulative revenues have 
been  flat at $400 million/year. The CEO of GGC Health is concerned about this",GGC Health,,manual_ground_truth_index,"Ground-truth Casing Contents: exact page ranges, no heuristics.",
9afc3268-fe61-49ea-94b9-8934e85ef80c,Gassy Convenience,Yale/Stern 2025.pdf,Yale,yale,2025,132,141,10,cases/Yale/Stern 2025/gassy-convenience.pdf,1.0,manual_override_stern_2025,False,Retail & Tech,Investment,,,,Interviewee-led,"Our client is a large U.S. retail chain that owns convenience stores located in gas stations across California. With the rise of just-walk-out (JWO)  stores 
(e.g., “Amazon Go”), they are interested in piloting JWO technology in one of their existing gas station stores. 
The client is ready to imple",Gassy Convenience,,manual_ground_truth_index,"Ground-truth Casing Contents: exact page ranges, no heuristics.",
c75e9610-4cf4-4765-9f98-d7a099781a8c,The Rats Don't Run This City,Yale/Stern 2025.pdf,Yale,yale,2025,142,150,9,cases/Yale/Stern 2025/the-rats-don-t-run-this-city.pdf,1.0,manual_override_stern_2025,False,Government,Growth,,,,Interviewer-led,"New York City is grappling with an escalating problem of rat infestation that poses significant risks and undermines the 
quality of life for its residents. While the city has taken some measures to control the rat population, these have not been 
adequate to significantly reduce their numbers or im",The Rats Don't Run This City,,manual_ground_truth_index,"Ground-truth Casing Contents: exact page ranges, no heuristics.",
d99ce439-e1f8-4c46-bd95-17ecc352163c,Nook Co.,Yale/Stern 2025.pdf,Yale,yale,2025,151,162,12,cases/Yale/Stern 2025/nook-co.pdf,1.0,manual_override_stern_2025,False,PE / Hospitality,Private Equity,,,,Interviewee-led,"Your client Fun Ventures, an established PE firm, is looking to acquire Nook Co., a hospitality group that
specializes in developing and transforming uninhabited islands into premium and private vacation destinations.
Nook Co. proposed an initial offer of $1.5 Billion. Fun Ventures would like your a",Nook Co.,,manual_ground_truth_index,"Ground-truth Casing Contents: exact page ranges, no heuristics.",
52bf92ca-5b0f-433c-a881-3aca690129c7,Sternofil,Yale/Stern 2025.pdf,Yale,yale,2025,174,180,7,cases/Yale/Stern 2025/sternofil.pdf,1.0,manual_override_stern_2025,False,Pharmaceutical,M&A,,,,Interviewer-led,"Hamilton & Hamilton (H&H), a multinational pharmaceutical company, is considering acquiring Sternofi, a 
biotechnology company with a promising drug candidate in phase 2 clinical trials called Deanraghutumab. Should 
H&H go through with this acquisition?
*Quant indicates how much math is involved an",Sternofil,,manual_ground_truth_index,"Ground-truth Casing Contents: exact page ranges, no heuristics.",
78cfa63e-e8c6-483a-b1cc-593fd29a63be,Fungicide,Yale/Stern 2025.pdf,Yale,yale,2025,196,205,10,cases/Yale/Stern 2025/fungicide.pdf,1.0,manual_override_stern_2025,False,Industrial Products,Profitability and,,,,Interviewer-led,"Funguy Corporation is a small producer and wholesaler of agricultural fungicides. After a yearly financial 
review,  they find one of their proprietary products, Formula X, is likely to be operating at a loss.
They ask you to quantify the exact loss and find options on how to return Formula X to pro",Fungicide,,manual_ground_truth_index,"Ground-truth Casing Contents: exact page ranges, no heuristics.",
28c769e5-d136-4eeb-8661-0f827939af6e,Hybrid Work Model,Yale/Stern 2025.pdf,Yale,yale,2025,206,215,10,cases/Yale/Stern 2025/hybrid-work-model.pdf,1.0,manual_override_stern_2025,False,Entertainment,Cost Savings / Change,,,,Interviewee-led,"You’ve been called into the headquarters of Galloway Entertainment, a small television production company in New York. The 
company carefully managed employee interactions during the pandemic, and as a result was able to get through without making 
significant operational changes. However, the CEO h",Hybrid Work Model,,manual_ground_truth_index,"Ground-truth Casing Contents: exact page ranges, no heuristics.",
71feb1af-5b38-4011-9f20-3af9ac8971da,Toto Foundation,Yale/Stern 2025.pdf,Yale,yale,2025,216,225,10,cases/Yale/Stern 2025/toto-foundation.pdf,1.0,manual_override_stern_2025,False,Non-Profit,Opportunity assessment,,,,Interviewer-led,"Our client, the Toto Foundation, is a new non-profit arm of a well-known drone manufacturing and logistics  
company that is exploring aid projects in Africa. Our client is seeking your expertise to determine where and 
how  to deploy their technology to have the maximum impact.
*Quant indicates how",Toto Foundation,,manual_ground_truth_index,"Ground-truth Casing Contents: exact page ranges, no heuristics.",
c3767a4c-4ab7-41e1-b2f0-fea66b469a22,Take Your Pills,Yale/Stern 2025.pdf,Yale,yale,2025,236,245,10,cases/Yale/Stern 2025/take-your-pills.pdf,1.0,manual_override_stern_2025,False,Pharmaceutical,Revenue growth,,,,Interviewee-led,"Your client is Foci Pharmaceuticals - a leading rare disease pharmaceutical company - has seen US sales growth 
slow down over the past year. Your firm has been hired to determine the cause of this slow down and recommend 
ways to reverse the trend.
*Quant indicates how much math is involved and Str",Take Your Pills,,manual_ground_truth_index,"Ground-truth Casing Contents: exact page ranges, no heuristics.",
0d69c8d0-d511-4311-aa9b-53ee4c2da8e2,Green Dreamz,Yale/Stern 2025.pdf,Yale,yale,2025,268,282,15,cases/Yale/Stern 2025/green-dreamz.pdf,1.0,manual_override_stern_2025,False,Cannabis Retail,Growth Strategy,,,,Interviewee-led,"Your client is Green Dreamz, a vertically-integrated cannabis company based in Colorado, USA. Founded in 2011 as a medical cannabis business, Green Dreamz expanded into 
the recreational market following state-wide legalization in 2014. Green Dreamz has since become one of the largest players by sto",Green Dreamz,,manual_ground_truth_index,"Ground-truth Casing Contents: exact page ranges, no heuristics.",
411437b5-2719-4579-9308-e5288d8c2c63,Dr. Stern's Botanicals,Yale/Stern 2025.pdf,Yale,yale,2025,283,290,8,cases/Yale/Stern 2025/dr-stern-s-botanicals.pdf,1.0,manual_override_stern_2025,False,Consumer Packaged Goods,Comparison (Cost/Benefit),,,,Interviewer-led,"Dr. Stern’s Botanicals is a U.S.-based cosmetic and skincare startup and a Gen-Z favorite for “clean beauty.” Last year, the 
company’s sales dropped 8% after customers took to TikTok to complain that they had found mold inside concealers less than six 
months old. In the wake of the incident, Dr. S",Dr. Stern's Botanicals,,manual_ground_truth_index,"Ground-truth Casing Contents: exact page ranges, no heuristics.",
71692717-7355-4587-b48d-169ea836d616,Mord Motor Co,Yale/Stern 2025.pdf,Yale,yale,2025,291,300,10,cases/Yale/Stern 2025/mord-motor-co.pdf,1.0,manual_override_stern_2025,False,Automotive (Electric Vehicles),Growth,,,,Interviewer-led,"Mord Motor Company, an international automotive company, has seen meteoric sales and market share growth over the 
last 10 years in the US. However, in recent years it has seen its profitability stagnate during the Covid-19 pandemic. 
However, the company is optimistic that it can capitalize on the",Mord Motor Co,,manual_ground_truth_index,"Ground-truth Casing Contents: exact page ranges, no heuristics.",
cade4ee8-1f21-4a53-bc03-73222d19f193,Curling and Careers,Yale/Stern 2025.pdf,Yale,yale,2025,301,308,8,cases/Yale/Stern 2025/curling-and-careers.pdf,1.0,manual_override_stern_2025,False,Non-Profit,Operations,,,,Interviewee-led,"Your client is Curling & Careers (C&C), the New York City chapter of a national non-profit organization. The non-profit aims to provide 
disadvantaged high school age students with leadership training and career development through an increasingly popular sport, curling. Curling 
is a sport in which",Curling and Careers,,manual_ground_truth_index,"Ground-truth Casing Contents: exact page ranges, no heuristics.",
f4765d3f-cbc8-4bf9-a6e9-ab07531ee734,Center Stage,Yale/Stern 2025.pdf,Yale,yale,2025,309,319,11,cases/Yale/Stern 2025/center-stage.pdf,1.0,manual_override_stern_2025,False,Theater/Producing,Profitability,,,,Interviewer-led,"You’ve been approached by a producing team who have a hold on a major Broadway theater for 10 weeks next summer. Theater is a 
very expensive industry, and they’re trying to determine the best show to run during this window. They’ve narrowed down to three 
options: a revival of Beauty and the Beast,",Center Stage,,manual_ground_truth_index,"Ground-truth Casing Contents: exact page ranges, no heuristics.",
64a2a1c7-b00f-4624-b19c-f72a47acddb0,Pharmageddon,Yale/Stern 2025.pdf,Yale,yale,2025,320,329,10,cases/Yale/Stern 2025/pharmageddon.pdf,1.0,manual_override_stern_2025,False,Pharmaceutical,M&A,,,,Interviewee-led,"Situation: Your client, Hoffmann, is a Swiss pharmaceutical holding company. It produces most of its drugs in-house, but licenses many of its most 
profitable drugs from a smaller pharmaceutical company called Technologene. Hoffmann has maintained a 26% ownership stake in Technologene to 
ensure it",Pharmageddon,,manual_ground_truth_index,"Ground-truth Casing Contents: exact page ranges, no heuristics.",
6370ee22-5b5b-4e8f-a138-bfad22d6e8cf,Game On,Yale/Stern 2025.pdf,Yale,yale,2025,330,340,11,cases/Yale/Stern 2025/game-on.pdf,1.0,manual_override_stern_2025,False,Streaming,M&A,,,,Interviewee-led,"The last few years have been rough for Mouse Entertainment. Their movies have failed to generate returns at the box office, their 
streaming service is struggling, and the company is dealing with an activist investor.  Mouse’s legendary CEO - Bob Tiger - has come out 
of retirement to steer the comp",Game On,,manual_ground_truth_index,"Ground-truth Casing Contents: exact page ranges, no heuristics.",
abc4894c-2486-4d5b-8673-c4564f094ec0,Aftermarket Auto Parts (LEK),Yale/Tuck 2024.pdf,Yale,yale,2024,22,27,6,cases/Yale/Tuck 2024/aftermarket-auto-parts-lek.pdf,1.0,manual_override_tuck_2024,False,Retail / CPG,M&A,,,,Interviewee-led,"Tell me about a time when you had to quickly learn something new outside of your 
expertise.
Nugget of wisdom
Emphasize authenticity in both your fit and case preparation, as it enhances natural 
delivery and helps interviewers envision working with you.

Aftermarket Auto Parts
•
Our client, KLE Cap",Aftermarket Auto Parts (LEK),,manual_ground_truth_index,"Ground-truth Contents | Case List: exact page ranges, no heuristics.",
4565a21c-1569-4f5b-a2cc-69a1e1b5f3fc,Craft Co (EY-Parthenon),Yale/Tuck 2024.pdf,Yale,yale,2024,28,38,11,cases/Yale/Tuck 2024/craft-co-ey-parthenon.pdf,1.0,manual_override_tuck_2024,False,Retail / CPG,Profitability,,,,Interviewee-led,"Tell me about a time where you had to influence or persuade someone.
Nugget of wisdom
Use mock interviews as learning opportunities, making sure not to repeat the same 
mistake.

Craft Co
•
Our client, Craft Co., is a subscription service that will send customers kits for adult crafting and DIY proj",Craft Co (EY-Parthenon),,manual_ground_truth_index,"Ground-truth Contents | Case List: exact page ranges, no heuristics.",
fbb6873c-072a-401e-a2c1-799f3abb816d,Hanover Health,Yale/Tuck 2024.pdf,Yale,yale,2024,39,51,13,cases/Yale/Tuck 2024/hanover-health.pdf,1.0,manual_override_tuck_2024,False,Primary profit drivers for out-patient,Healthcare PE Investment,,,,Interviewee-led,"How would you approach a situation where you disagreed with a decision that was made?
Nugget of wisdom
Spend more time on fit preparation and practice articulating your stories clearly and 
concisely.

Hanover Health
• Your client, a private equity fund, is evaluating the potential acquisition of Ha",Hanover Health,,manual_ground_truth_index,"Ground-truth Contents | Case List: exact page ranges, no heuristics.",
cb3b5b7c-7cec-42c7-930d-739f91dd8ee0,Kitchen Co (Innosight),Yale/Tuck 2024.pdf,Yale,yale,2024,52,62,11,cases/Yale/Tuck 2024/kitchen-co-innosight.pdf,1.0,manual_override_tuck_2024,False,Retail / CPG,Profitability,,,,Interviewee-led,"How do you ensure quality in your work while managing multiple tasks?
Nugget of wisdom
Manage burnout by scheduling breaks and engaging in non-recruiting activities to refresh 
yourself.

Kitchen Co
•
We have started to work with a global consumer product company with a diverse portfolio of well-kno",Kitchen Co (Innosight),,manual_ground_truth_index,"Ground-truth Contents | Case List: exact page ranges, no heuristics.",
8408bcac-dfad-4c80-979b-a196eabadd6d,Luxury Landscaping (IGS),Yale/Tuck 2024.pdf,Yale,yale,2024,63,71,9,cases/Yale/Tuck 2024/luxury-landscaping-igs.pdf,1.0,manual_override_tuck_2024,False,Financial Services,Market Entry,,,,Interviewee-led,"Discuss a time you took the initiative to address an unspoken issue.
Nugget of wisdom
On interview day, demonstrate executive presence by maintaining a professional yet 
conversational tone and show confidence, even if you make a mistake.

Luxury Landscaping
• Our client, a private equity firm, is c",Luxury Landscaping (IGS),,manual_ground_truth_index,"Ground-truth Contents | Case List: exact page ranges, no heuristics.",
e9fc071b-f314-479e-b03b-fbdb7764406d,Nutters of Savile Row,Yale/Tuck 2024.pdf,Yale,yale,2024,72,83,12,cases/Yale/Tuck 2024/nutters-of-savile-row.pdf,1.0,manual_override_tuck_2024,False,Retail / CPG,Operations,,,,Interviewee-led,"At the end of this process, you get offers from X, Y, and Z firms – how do you think about 
making that decision?
Nugget of wisdom
In brainstorming sessions during a case, display creativity and structure by categorizing 
ideas into relevant buckets to stay organized.

Nutters of Savile Row
•
Our cl",Nutters of Savile Row,,manual_ground_truth_index,"Ground-truth Contents | Case List: exact page ranges, no heuristics.",
3ccfdda2-2dd1-4970-b8a2-1707d9c5a02f,OldSchool,Yale/Tuck 2024.pdf,Yale,yale,2024,84,93,10,cases/Yale/Tuck 2024/oldschool.pdf,1.0,manual_override_tuck_2024,False,Technology,Profitability,,,,Interviewer-led,"Tell me about a time when you had to think creatively about a solution to a problem.
Nugget of wisdom
Remember to stay hydrated and look after your general well-being to maintain peak 
performance during interviews.

OldSchool
•
OldSchool is a high school that was founded in 1947 in Delhi, India.
•",OldSchool,,manual_ground_truth_index,"Ground-truth Contents | Case List: exact page ranges, no heuristics.",
073d373f-3abb-40a4-a186-2c18aa6bab6a,Pediatric Hearing Aids,Yale/Tuck 2024.pdf,Yale,yale,2024,94,102,9,cases/Yale/Tuck 2024/pediatric-hearing-aids.pdf,1.0,manual_override_tuck_2024,False,Healthcare,Profitability,,,,Interviewee-led,"What do you think will be the challenges transitioning from your previous career into 
consulting?
Nugget of wisdom
Know that building rapport and being relaxed can be just as crucial as acing the case itself; 
it’s about the connection you make with the interviewer.

Pediatric Hearing Aids
• Our cl",Pediatric Hearing Aids,,manual_ground_truth_index,"Ground-truth Contents | Case List: exact page ranges, no heuristics.",
9aa286b2-7b69-47da-9cbe-8cbc5eb7c487,PowerStride Sportswear,Yale/Tuck 2024.pdf,Yale,yale,2024,103,110,8,cases/Yale/Tuck 2024/powerstride-sportswear.pdf,1.0,manual_override_tuck_2024,False,Retail / CPG,Wild Card,,,,Interviewer-led,"Discuss a moment where you had to make a difficult ethical decision.
Nugget of wisdom
In the McKinsey Personal Experience Interview (PEI), detail is your friend. Describe the 
characters in the story and lay out the context. How did they react? How could you tell?

PowerStride Sportswear
•
PowerStri",PowerStride Sportswear,,manual_ground_truth_index,"Ground-truth Contents | Case List: exact page ranges, no heuristics.",
e013f6ba-a5ae-4a97-9601-7a1f26280bf8,Snow Big Deal,Yale/Tuck 2024.pdf,Yale,yale,2024,111,121,11,cases/Yale/Tuck 2024/snow-big-deal.pdf,1.0,manual_override_tuck_2024,False,,Operations,,,,Interviewee-led,"Describe a challenging situation or a conflict you’ve faced and how you handled it.
Nugget of wisdom
Consider tapering off the number of cases you do closer to interview day to ensure you are 
mentally fresh and not overworked.

Snow Big Deal
•
Our client is the New Hampshire Department of Transport",Snow Big Deal,,manual_ground_truth_index,"Ground-truth Contents | Case List: exact page ranges, no heuristics.; industry not extracted",
5c469ee6-54e5-45e0-88dd-1374f02501d1,SwitchDeck Motors,Yale/Tuck 2024.pdf,Yale,yale,2024,122,131,10,cases/Yale/Tuck 2024/switchdeck-motors.pdf,1.0,manual_override_tuck_2024,False,,Market Entry,,,,Interviewee-led,"How would you approach a situation where you have to lead without authority?
Nugget of wisdom
During the final stretch before interviews, focus on high-impact activities like reviewing past 
cases and honing specific areas of your case approach.

SwitchDeck Motors
• Our client, SwitchDeck Motors, is",SwitchDeck Motors,,manual_ground_truth_index,"Ground-truth Contents | Case List: exact page ranges, no heuristics.; industry not extracted",
9b486176-f58b-4d1b-ac67-9a9824bb7d1c,Tuck Air II,Yale/Tuck 2024.pdf,Yale,yale,2024,132,142,11,cases/Yale/Tuck 2024/tuck-air-ii.pdf,1.0,manual_override_tuck_2024,False,Airlines / Transportation,Pricing,,,,Interviewee-led,"Describe an instance where you received critical feedback, and how you responded.
Nugget of wisdom
Be strategic about how many mock cases you schedule in the final weeks; focus on fine-
tuning rather than volume

Tuck Air II
• Our client, Tuck Air, is a large national airline that is considering ins",Tuck Air II,,manual_ground_truth_index,"Ground-truth Contents | Case List: exact page ranges, no heuristics.",
fe6d254d-4fc7-47d5-a2e8-bab7ba983c10,Unicloth,Yale/Wharton 2017.pdf,Yale,yale,2017,9,17,9,cases/Yale/Wharton 2017/unicloth.pdf,1.0,manual_override_wharton_2017,False,Retail / CPG,Profitability,Medium,,,,"Our client, Unicloth, is an Asian clothing retailer attempting to establish a
profitable presence in the United States. However, since they arrived five years
ago, they have struggled to achieve that goal and have engaged our firm to find
out why and to recommend next steps. How can we help?
Wharton",Unicloth,,manual_ground_truth_index,"Ground-truth TOC: exact page ranges, no heuristics.",
7927cd1d-feb7-4484-8f94-732d5b359c9d,Brazilian Highway Concessions,Yale/Wharton 2017.pdf,Yale,yale,2017,18,26,9,cases/Yale/Wharton 2017/brazilian-highway-concessions.pdf,1.0,manual_override_wharton_2017,False,,Growth,Medium to hard,,,,"A leading Brazilian highway concessions company is looking to expand
internationally. Economic growth in Brazil has stalled, and in order to continue to
grow both top-line revenues and bottom-line profitability, the client wants to
diversify its portfolio and decrease its exposure to the Brazilian e",Brazilian Highway Concessions,,manual_ground_truth_index,"Ground-truth TOC: exact page ranges, no heuristics.; industry not extracted",
13e54372-3f11-4fa2-8060-c407bbdbafca,Snacks Food Acquisitions,Yale/Wharton 2017.pdf,Yale,yale,2017,27,33,7,cases/Yale/Wharton 2017/snacks-food-acquisitions.pdf,1.0,manual_override_wharton_2017,False,,Pricing,Medium,,,,"A US snack foods company specializing in snacking peanuts, Peanut Co., is
planning to acquire another company specializing in snacking almonds, Almond
Co. Peanut Co. is currently the market leader in snacking peanuts, but the overall
segment is growing slowly compared to the market and they want to",Snacks Food Acquisitions,,manual_ground_truth_index,"Ground-truth TOC: exact page ranges, no heuristics.; industry not extracted",
f741b13c-baea-4340-92f8-4f310267a582,US Manufacturing,Yale/Wharton 2017.pdf,Yale,yale,2017,34,41,8,cases/Yale/Wharton 2017/us-manufacturing.pdf,1.0,manual_override_wharton_2017,False,Technology,Growth,Hard if you aren’t familiar with operations strategy,,,,"A major U.S. shoe manufacturer is currently manufacturing its entire product
line domestically. Because of increased labor costs and competitive pressure, the
manufacturer is now interested in understanding whether it should offshore some
or all of its production and, if so, where it should offshore",US Manufacturing,,manual_ground_truth_index,"Ground-truth TOC: exact page ranges, no heuristics.",
2dfa6d9c-fe41-44aa-9d9d-24fc692d198f,Chicago Parking Meters,Yale/Wharton 2017.pdf,Yale,yale,2017,42,54,13,cases/Yale/Wharton 2017/chicago-parking-meters.pdf,1.0,manual_override_wharton_2017,False,Technology,Pricing,Medium,,,,"The city of Chicago is planning to sell the rights to all of its parking meters for 20 years to a private
company. The idea is that in exchange for a lump sum, the city of Chicago would turn over the operation and
revenue stream of its ~40,000 parking spaces to a private operator.
The deal will brin",Chicago Parking Meters,,manual_ground_truth_index,"Ground-truth TOC: exact page ranges, no heuristics.",
2c9c3d04-db6e-4d7c-93ad-38bc1338bcdf,High Engineer Attrition at SLS Oil Gas Services,Yale/Wharton 2017.pdf,Yale,yale,2017,55,67,13,cases/Yale/Wharton 2017/high-engineer-attrition-at-sls-oil-gas-services.pdf,1.0,manual_override_wharton_2017,False,Technology,Operations,Hard,,,,"Our client SLS is one of the world’s largest oil and gas services provider
operating in 85 countries and employing about 100,000 people from over 140
countries. They help find, scope and drill as much oil and gas as possible for their
clients – which range from major international oil companies to p",High Engineer Attrition at SLS Oil Gas Services,,manual_ground_truth_index,"Ground-truth TOC: exact page ranges, no heuristics.",
8a4ebeda-42ba-4138-963d-b3d3ef0ea18e,Salt Lake City Airport,Yale/Wharton 2017.pdf,Yale,yale,2017,68,76,9,cases/Yale/Wharton 2017/salt-lake-city-airport.pdf,1.0,manual_override_wharton_2017,False,,,Easy,,,,"Our company is pitching to the President of the Salt Lake City International
Airport next week, hoping to earn a big contract with the Airport moving forward.
We know that the SLC Airport is the only commercial airport for more than 2.5M
people in the greater Salt Lake City area, is the 21st busiest",Salt Lake City Airport,,manual_ground_truth_index,"Ground-truth TOC: exact page ranges, no heuristics.; industry not extracted; case_type not extracted",
d50d2558-8365-4b1f-898a-96f5bce61ad4,Clothing Chain Acquisitions (Human Capital),Yale/Wharton 2017.pdf,Yale,yale,2017,77,93,17,cases/Yale/Wharton 2017/clothing-chain-acquisitions-human-capital.pdf,1.0,manual_override_wharton_2017,False,Retail / CPG,M&A,Medium to Hard,,,,"Yermakov Ltd, a US-based clothing company with stores in 65 countries
and 100,000 employees based around the world, is in the process of “localizing”
its image. In addition to continuing to use its traditional supply chain and
manufacturing process for many of the Yermakov clothing lines, Yermakov i",Clothing Chain Acquisitions (Human Capital),,manual_ground_truth_index,"Ground-truth TOC: exact page ranges, no heuristics.",
b11c3c9e-74be-43e8-a658-46989ff9e360,Pharma Outsourcing and Tech Adoption,Yale/Wharton 2017.pdf,Yale,yale,2017,94,110,17,cases/Yale/Wharton 2017/pharma-outsourcing-and-tech-adoption.pdf,1.0,manual_override_wharton_2017,False,Healthcare,Growth,Medium to Hard,,,,"Waltham&Rose, a pharmaceutical company based and solely operational in
the US, has recently announced its imminent international expansion to Germany
and France. The company will be increasing its employee numbers by 50% as a
result of this expansion. To ease workloads and minimize complexity during",Pharma Outsourcing and Tech Adoption,,manual_ground_truth_index,"Ground-truth TOC: exact page ranges, no heuristics.",
3ca7e6ad-7912-415c-9c42-e35ae8058189,Mining Competitive Strategy,Yale/Wharton 2017.pdf,Yale,yale,2017,111,120,10,cases/Yale/Wharton 2017/mining-competitive-strategy.pdf,1.0,manual_override_wharton_2017,False,,Pricing,Hard,,,,"Our client is an Australian mining company, whose main product is Iron Ore, 
which it sells exclusively to China. This company is the largest producer in volume 
in this market with 230 million tons sold each year. It is also the lowest cost 
producer at 27$ per ton of production costs. We estimate",Mining Competitive Strategy,,manual_ground_truth_index,"Ground-truth TOC: exact page ranges, no heuristics.; industry not extracted",
128db256-c8eb-43cd-b5a7-f69d2c9091ba,Phighting Phillies,Yale/Wharton 2017.pdf,Yale,yale,2017,121,130,10,cases/Yale/Wharton 2017/phighting-phillies.pdf,1.0,manual_override_wharton_2017,False,Financial Services,M&A,Hard,,,,"Our client, Alpha Capital, is a private equity firm that is considering buying the
Philadelphia
Phillies.
The
current
team
owners
approached
Alpha
about
purchasing the team for $1.1B.
Alpha engaged our firm in the due diligence
process and wants us to help them understand:
A.  What is the team worth",Phighting Phillies,,manual_ground_truth_index,"Ground-truth TOC: exact page ranges, no heuristics.",
7ca2daae-b98a-4eb5-9688-94199975eb8b,Insurance for the underserved in India,Yale/Wharton 2017.pdf,Yale,yale,2017,131,138,8,cases/Yale/Wharton 2017/insurance-for-the-underserved-in-india.pdf,1.0,manual_override_wharton_2017,False,Healthcare,Profitability,Hard,,,,"The Indian insurance market is heavily underpenetrated. The majority of insurable, adult population either is not
insured and this has serious consequences – when financial adversity strikes, such as when the main breadwinner of a
family dies, or if there is a drought or a flood, people either find",Insurance for the underserved in India,,manual_ground_truth_index,"Ground-truth TOC: exact page ranges, no heuristics.",
49fdefcf-c77d-4273-8070-1267b1321653,National Park Service,Yale/Wharton 2017.pdf,Yale,yale,2017,139,146,8,cases/Yale/Wharton 2017/national-park-service.pdf,1.0,manual_override_wharton_2017,False,,Operations,Medium,,,,"Our client is the United States Department of the Interior, which is responsible for the
National Park Service (“NPS”). The NPS employs park rangers across all federally owned
parks, ranging from Yellowstone and the Grand Canyon to the Statue of Liberty and Lincoln
Memorial.
National Parks employ fo",National Park Service,,manual_ground_truth_index,"Ground-truth TOC: exact page ranges, no heuristics.; industry not extracted",
bb99adce-3079-45aa-8834-4d2080ee9121,Penn & Teller,Yale/Wharton 2017.pdf,Yale,yale,2017,147,160,14,cases/Yale/Wharton 2017/penn-teller.pdf,1.0,manual_override_wharton_2017,False,Media / Entertainment,,Medium,,,,"Our client is Caesars, one of the largest gaming and resort companies in the
world. Penn and Teller have been the headlining show at the Rio Hotel since
2001, and they are currently the longest-running headlining show in Vegas
history. Caesars, who owns the Rio Hotel where the duo performs in the 15",Penn & Teller,,manual_ground_truth_index,"Ground-truth TOC: exact page ranges, no heuristics.; case_type not extracted",
92d67ca9-7ebe-4d6d-970b-169c6c27d6ef,Wellington Equestrian Festival,Yale/Wharton 2017.pdf,Yale,yale,2017,161,168,8,cases/Yale/Wharton 2017/wellington-equestrian-festival.pdf,1.0,manual_override_wharton_2017,False,,M&A,Hard,,,,"Your client is Mark Bellissimo, CEO of Wellington Equestrian Partners (WEP). Mark, a
Harvard MBA with no background in the equestrian industry aside from watching his
daughters ride at competitions, created WEP in 2006 with the mission of transforming
Wellington, FL from a town with a large horse sh",Wellington Equestrian Festival,,manual_ground_truth_index,"Ground-truth TOC: exact page ranges, no heuristics.; industry not extracted",
1caed84f-9f55-49aa-810e-09f98d6091e2,Medical Devices Co,Yale/Wharton 2017.pdf,Yale,yale,2017,169,175,7,cases/Yale/Wharton 2017/medical-devices-co.pdf,1.0,manual_override_wharton_2017,False,,Profitability,Medium/Hard,,,,"Our client, Medical Devices Co., is a medical device company that manufactures a blood
clotting product called BloodStopper.
This product is currently sold in liquid vials.
The
product is typically applied with a sponge during post-op. Medical Devices is considering a
deal with a sponge manufacturer",Medical Devices Co,,manual_ground_truth_index,"Ground-truth TOC: exact page ranges, no heuristics.; industry not extracted",
9f36cf13-01da-4a5f-b62d-2ca42707d1bf,TV Screens,Yale/Wharton 2017.pdf,Yale,yale,2017,176,190,15,cases/Yale/Wharton 2017/tv-screens.pdf,1.0,manual_override_wharton_2017,False,Retail / CPG,Profitability,Medium,,,,"SKP has been retained by a consumer electronics screen manufacturer,
Vivid, to perform a pricing optimization project.
Vivid’s main product is HDTV (high definition TV) screens. Its main
customers are well-known TV manufacturers in Asia and the US, who buy other
components, build the finished TVs an",TV Screens,,manual_ground_truth_index,"Ground-truth TOC: exact page ranges, no heuristics.",
9d0fa812-63c2-4bd6-aabe-dab9648488e8,Home Inspection Co,Yale/Wharton 2017.pdf,Yale,yale,2017,191,201,11,cases/Yale/Wharton 2017/home-inspection-co.pdf,1.0,manual_override_wharton_2017,False,,Market Entry,Medium,,,,"Our Client, Home Inspection Co., is a third party independent home
inspection company who conducts the inspections after a home is sold. They
currently operate out of Ohio, and they have hired us to help them figure out if
they should expand to more states, and if so, which state(s) and how?
Wharton",Home Inspection Co,,manual_ground_truth_index,"Ground-truth TOC: exact page ranges, no heuristics.; industry not extracted",
553e049d-2af9-48df-be38-3a15568ed6ed,Right Price Tea,Yale/Yale 2024.pdf,Yale,yale,2024,38,45,8,cases/Yale/Yale 2024/right-price-tea.pdf,1.0,manual_override_yale_2024,False,,Profitability,,,,,"•
Goal: Larry thinks that simply being profitable is a success to him.
•
Experience: Larry has never had a company before but given that he is an economics PhD and business 
school professor, he is not worried about being able to manage the company.
•
Product: It is an iced tea that Larry has perfec",Right Price Tea,,manual_ground_truth_index,"Ground-truth index: exact page ranges, no heuristics.; industry not extracted",
722a36c4-1025-4626-9fc4-bcadb0f80f9b,Eye-to-Eye,Yale/Yale 2024.pdf,Yale,yale,2024,46,55,10,cases/Yale/Yale 2024/eye-to-eye.pdf,1.0,manual_override_yale_2024,False,Technology,,,,,,"Eye-to-Eye

Case Introduction
48
Clarifying Questions (to be provided if interviewee asks)
•
What is the objective? A better learning experience for students and teachers
•
What existing technology (if any) is being used now at Bulldog Middle School? Assume the basics: 
laptops, reading tablets, sof",Eye-to-Eye,,manual_ground_truth_index,"Ground-truth index: exact page ranges, no heuristics.; case_type not extracted",
314cc179-9926-4551-b6a7-bdf96bb3a180,How Do I Get Ranked?,Yale/Yale 2024.pdf,Yale,yale,2024,56,65,10,cases/Yale/Yale 2024/how-do-i-get-ranked.pdf,1.0,manual_override_yale_2024,False,Technology,,,,,,"•
What is the universities current ranking? It is currently ranked in the top 25 but would love to move to the 
top 10.
•
What is the time horizon? University would like to see steady upward movement to reach its target within 
10 years.
•
What metrics decide university rankings? Guide the candidate",How Do I Get Ranked?,,manual_ground_truth_index,"Ground-truth index: exact page ranges, no heuristics.; case_type not extracted",
fa8f54fd-1232-4d34-a944-fddbf863dbc4,Foreign Sounds,Yale/Yale 2024.pdf,Yale,yale,2024,66,80,15,cases/Yale/Yale 2024/foreign-sounds.pdf,1.0,manual_override_yale_2024,False,Media / Entertainment,Growth,,,,,"Foreign Sounds

Case Introduction
68
Clarifying Questions (to be provided if interviewee asks)
•
K-Pop competition: Competition in the US is generally fragmented, with varying degrees of fragmentation 
based on genre. However, SK Music is the leading K-Pop player in the East Asian market and believe",Foreign Sounds,,manual_ground_truth_index,"Ground-truth index: exact page ranges, no heuristics.",
268e10cd-f716-4492-82eb-0c5db591483f,Spruce Up Fir Real,Yale/Yale 2024.pdf,Yale,yale,2024,81,88,8,cases/Yale/Yale 2024/spruce-up-fir-real.pdf,1.0,manual_override_yale_2024,False,Retail / CPG,Profitability,,,,Interviewer-led,"•
It takes approximately 7 to 10 years for a Christmas tree to reach the typical retail height of 6 to 7 feet.
•
Frosty has a wide variety of trees (Fraser Fir, Douglas Fir, Concolor Fir, White Pine, White Spruce & Blue 
Spruce). For the case, assume that there’s no difference among the different ty",Spruce Up Fir Real,,manual_ground_truth_index,"Ground-truth index: exact page ranges, no heuristics.",
4a7f6067-fef1-447d-b1cd-ca84322cb2a0,Plant-Powered Gains,Yale/Yale 2024.pdf,Yale,yale,2024,89,100,12,cases/Yale/Yale 2024/plant-powered-gains.pdf,1.0,manual_override_yale_2024,False,Retail / CPG,Growth,,,,,"•
What are the sustainability targets of Yale Capital?
•
They don’t have a quantitative target and are open to ideas on measuring sustainability impact.
•
Do they only produce meat substitutes or have other alternative products (dairy etc.)?
•
Only meat substitutes for now.
•
What is the estimated t",Plant-Powered Gains,,manual_ground_truth_index,"Ground-truth index: exact page ranges, no heuristics.",
8bfabea1-6012-4fdb-9e2d-964495d0bd52,Excellence Corporation,Yale/Yale 2024.pdf,Yale,yale,2024,101,112,12,cases/Yale/Yale 2024/excellence-corporation.pdf,1.0,manual_override_yale_2024,False,Technology,Profitability,,,,,"•
Operations: Excellence buys energy from one supplier, which has been negotiated to be as low as possible. 
All of Excellence’s utility companies buy energy and sell at the same rate, there are no arbitrage opportunities
•
Competitors: Excellence is a utility, so candidate should recognize that the",Excellence Corporation,,manual_ground_truth_index,"Ground-truth index: exact page ranges, no heuristics.",
57bc1d3e-aee9-4065-a86f-732336a030e0,Battery Co.,Yale/Yale 2024.pdf,Yale,yale,2024,113,125,13,cases/Yale/Yale 2024/battery-co.pdf,1.0,manual_override_yale_2024,False,Financial Services,M&A,,,,,"Battery Co.

Case Introduction
115
Clarifying Questions (to be provided if interviewee asks)
What is the motivation for the 
deal?
Maximizing investment value, along with some other fund considerations as 
brainstormed.
Fund constraints? Tax 
incentives?
No need to worry about hurdle rates, taxes, f",Battery Co.,,manual_ground_truth_index,"Ground-truth index: exact page ranges, no heuristics.",
c3d69e28-631c-4051-8071-c7d330c0c7e2,Right Price Tea,Yale/Yale 2025.pdf,Yale,yale,2025,39,46,8,cases/Yale/Yale 2025/right-price-tea.pdf,1.0,manual_override_yale_2025,False,,Profitability,,,,,"•
Goal: Larry thinks that simply being profitable is a success to him.
•
Experience: Larry has never had a company before but given that he is an economics PhD and business 
school professor, he is not worried about being able to manage the company.
•
Product: It is an iced tea that Larry has perfec",Right Price Tea,,manual_ground_truth_index,Verified PDF pages 39–46.; industry not extracted,
6d1ca1ea-c944-4476-88d5-59843c432139,A Case of the Cases,Yale/Yale 2025.pdf,Yale,yale,2025,47,53,7,cases/Yale/Yale 2025/a-case-of-the-cases.pdf,1.0,manual_override_yale_2025,False,,Profitability,,,,,"A Case of the Cases
Clarifying Questions (to be provided if interviewee asks)
•
Timeline: Casebook must be released in 4 weeks.
•
Expectations: The club expects 12 cases minimum this year; Vish wants to write 2 himself.
•
Contributors: 10 2Ys volunteered, 4 submitted drafts, 6 have not. Vish is cons",A Case of the Cases,,manual_ground_truth_index,Verified PDF pages 47–53.; industry not extracted,
d78be918-675a-47bc-9486-394b19906fc8,Eye-to-Eye,Yale/Yale 2025.pdf,Yale,yale,2025,54,63,10,cases/Yale/Yale 2025/eye-to-eye.pdf,1.0,manual_override_yale_2025,False,Technology,,,,,,"Eye-to-Eye

Case Introduction
57
Clarifying Questions (to be provided if interviewee asks)
•
What is the objective? A better learning experience for students and teachers
•
What existing technology (if any) is being used now at Bulldog Middle School? Assume the basics: 
laptops, reading tablets, sof",Eye-to-Eye,,manual_ground_truth_index,Verified PDF pages 54–63.; case_type not extracted,
f4d6a321-e319-43e6-88fb-9ed643c6cee0,How Do I Get Ranked?,Yale/Yale 2025.pdf,Yale,yale,2025,64,73,10,cases/Yale/Yale 2025/how-do-i-get-ranked.pdf,1.0,manual_override_yale_2025,False,Technology,,,,,,"•
What is the universities current ranking? It is currently ranked in the top 25 but would love to move to the 
top 10.
•
What is the time horizon? University would like to see steady upward movement to reach its target within 
10 years.
•
What metrics decide university rankings? Guide the candidate",How Do I Get Ranked?,,manual_ground_truth_index,Verified PDF pages 64–73.; case_type not extracted,
2cc1b39a-9431-472d-8d03-e2a2b75e1156,Foreign Sounds,Yale/Yale 2025.pdf,Yale,yale,2025,74,88,15,cases/Yale/Yale 2025/foreign-sounds.pdf,1.0,manual_override_yale_2025,False,Media / Entertainment,Growth,,,,,"Foreign Sounds

Case Introduction
77
Clarifying Questions (to be provided if interviewee asks)
•
K-Pop competition: Competition in the US is generally fragmented, with varying degrees of fragmentation 
based on genre. However, SK Music is the leading K-Pop player in the East Asian market and believe",Foreign Sounds,,manual_ground_truth_index,Verified PDF pages 74–88.,
5071abdf-3046-4908-ae6a-62b5198bb71f,Outsourcing Odyssey,Yale/Yale 2025.pdf,Yale,yale,2025,89,102,14,cases/Yale/Yale 2025/outsourcing-odyssey.pdf,1.0,manual_override_yale_2025,False,Technology,Operations,,,,,"Which third-party customer service providers are best suited to support Aramex’s growth?
Prompt
Outsourcing Odyssey

Case Introduction, contd.
92
Assumptions and Clarifying Questions (if asked)
What KPIs are prioritized for customer 
service?
Aramex prioritizes three KPIs: (1) First Call Resolution",Outsourcing Odyssey,,manual_ground_truth_index,Verified PDF pages 89–102.,
05208e0f-3120-4dd6-b370-13d78bd713e9,Spruce Up Fir Real,Yale/Yale 2025.pdf,Yale,yale,2025,103,110,8,cases/Yale/Yale 2025/spruce-up-fir-real.pdf,1.0,manual_override_yale_2025,False,Retail / CPG,Profitability,,,,Interviewer-led,"•
It takes approximately 7 to 10 years for a Christmas tree to reach the typical retail height of 6 to 7 feet.
•
Frosty has a wide variety of trees (Fraser Fir, Douglas Fir, Concolor Fir, White Pine, White Spruce & Blue 
Spruce). For the case, assume that there’s no difference among the different ty",Spruce Up Fir Real,,manual_ground_truth_index,Verified PDF pages 103–110.,
4750612c-afa9-46f7-81a2-bedb9c413619,Plant-Powered Gains,Yale/Yale 2025.pdf,Yale,yale,2025,111,122,12,cases/Yale/Yale 2025/plant-powered-gains.pdf,1.0,manual_override_yale_2025,False,Retail / CPG,Growth,,,,,"•
What are the sustainability targets of Yale Capital?
•
They don’t have a quantitative target and are open to ideas on measuring sustainability impact.
•
Do they only produce meat substitutes or have other alternative products (dairy etc.)?
•
Only meat substitutes for now.
•
What is the estimated t",Plant-Powered Gains,,manual_ground_truth_index,Verified PDF pages 111–122.,
2d223589-1ed9-448f-8ba2-ed1be3972308,Shale Co.,Yale/Yale 2025.pdf,Yale,yale,2025,123,130,8,cases/Yale/Yale 2025/shale-co.pdf,1.0,manual_override_yale_2025,False,Energy,Growth,,,,,"should they enter the Asia-Pacific or European market? 
Prompt
•
Goal: The main focus is long-term profitability 
•
Competitors: StatGaz (Russian state-owned) in Europe and CPet (Chinese state-owned) in Asia-Pacific
•
Business Model: Shale Co. pumps natural gas out of the earth and sells it to gas w",Shale Co.,,manual_ground_truth_index,Verified PDF pages 123–130.,
74d25ead-2780-415e-a275-12492c8b7d1d,Excellence Corporation,Yale/Yale 2025.pdf,Yale,yale,2025,131,142,12,cases/Yale/Yale 2025/excellence-corporation.pdf,1.0,manual_override_yale_2025,False,Technology,Profitability,,,,,"•
Operations: Excellence buys energy from one supplier, which has been negotiated to be as low as possible. 
All of Excellence’s utility companies buy energy and sell at the same rate, there are no arbitrage opportunities
•
Competitors: Excellence is a utility, so candidate should recognize that the",Excellence Corporation,,manual_ground_truth_index,Verified PDF pages 131–142.,
36e269c0-36ea-4c86-92b2-455fd8e3977c,Breaking Brokers,Yale/Yale 2025.pdf,Yale,yale,2025,143,150,8,cases/Yale/Yale 2025/breaking-brokers.pdf,1.0,manual_override_yale_2025,False,Retail / CPG,Profitability,,,,,"•
Goal: Get merchants to use the sourcing team more – the merchants aren’t our clients so we can't force them, 
but we need to find a way to get them to use us more. The overall goal of the business is to improve 
profitability in sourcing of private brand goods.
•
Experience: Sourcing is responsibl",Breaking Brokers,,manual_ground_truth_index,Verified PDF pages 143–150.,
47a1ad49-5822-472c-8de0-098c20ee7bdc,Pinus Strobus Timber Investments,Yale/Yale 2025.pdf,Yale,yale,2025,151,160,10,cases/Yale/Yale 2025/pinus-strobus-timber-investments.pdf,1.0,manual_override_yale_2025,False,Financial Services,Investment,,,,Interviewer-led,"Should PTI buy this forest tract, and if so, should 
they pursue timber revenues or carbon credits?
Interviewer should note that this is an interviewer-led case and should not let the candidate take time to create a 
framework. 
Prompt
Pinus Strobus Timber Investments

Case Introduction
154
Briefly",Pinus Strobus Timber Investments,,manual_ground_truth_index,Verified PDF pages 151–160.,
5b5d8232-8bd5-4c1c-8dbf-d305d029a707,Battery Co.,Yale/Yale 2025.pdf,Yale,yale,2025,161,172,12,cases/Yale/Yale 2025/battery-co.pdf,1.0,manual_override_yale_2025,False,Financial Services,M&A,,,,,"Battery Co.

Case Introduction
164
Clarifying Questions (to be provided if interviewee asks)
What is the motivation for the 
deal?
Maximizing investment value, along with some other fund considerations as 
brainstormed.
Fund constraints? Tax 
incentives?
No need to worry about hurdle rates, taxes, f",Battery Co.,,manual_ground_truth_index,Verified PDF pages 161–172.,
08705a6b-c84b-42bf-bac5-6363c196c557,SkyHigh Airlines,Yale/Yale 2025.pdf,Yale,yale,2025,173,186,14,cases/Yale/Yale 2025/skyhigh-airlines.pdf,1.0,manual_override_yale_2025,False,,Profitability,,,,Interviewer-led,"SkyHigh Airlines

Case Introduction
176
What’s SkyHigh’s business model? Do they compete as a low-cost carrier or as a full-service airline?
SkyHigh is positioned as a mid-tier, full-service carrier — not as cheap as ultra-low-cost airlines, but not as premium as legacy flag 
carriers.
Is the focus",SkyHigh Airlines,,manual_ground_truth_index,Verified PDF pages 173–END.; industry not extracted,
